team_name,timestamp,price,volume,value
Washington,2025-07-18 04:00:00,0.6,261,60.0
Washington,2025-07-25 04:00:00,0.56,3,56.00000000000000
Washington,2025-07-29 04:00:00,0.56,7,56.00000000000000
Washington,2025-07-30 04:00:00,0.56,10,56.00000000000000
Washington,2025-07-31 04:00:00,0.57,85,57.00000000000000
Washington,2025-08-05 04:00:00,0.58,467,58.00000000000000
Washington,2025-08-08 04:00:00,0.6,68,60.0
Washington,2025-08-09 04:00:00,0.54,20,54.0
Washington,2025-08-10 04:00:00,0.54,65,54.0
Washington,2025-08-14 04:00:00,0.54,1228,54.0
Washington,2025-08-15 04:00:00,0.54,8,54.0
Washington,2025-08-17 04:00:00,0.53,12,53.0
Washington,2025-08-20 04:00:00,0.53,5,53.0
Washington,2025-08-21 04:00:00,0.54,8,54.0
Washington,2025-08-22 04:00:00,0.56,1765,56.00000000000000
Washington,2025-08-24 04:00:00,0.54,41,54.0
Washington,2025-08-25 04:00:00,0.54,154,54.0
Washington,2025-08-26 04:00:00,0.54,369,54.0
Washington,2025-08-27 04:00:00,0.53,1347,53.0
Washington,2025-08-28 04:00:00,0.53,102,53.0
Washington,2025-08-30 04:00:00,0.55,17,55.00000000000000
Washington,2025-09-01 04:00:00,0.54,20,54.0
Washington,2025-09-02 04:00:00,0.53,7112,53.0
Washington,2025-09-04 04:00:00,0.54,1000,54.0
Washington,2025-09-05 04:00:00,0.54,108,54.0
Washington,2025-09-06 04:00:00,0.53,1408,53.0
Washington,2025-09-07 04:00:00,0.52,4368,52.0
Washington,2025-09-08 04:00:00,0.56,10754,56.00000000000000
Washington,2025-09-09 04:00:00,0.51,1,51.0
Washington,2025-09-10 04:00:00,0.59,8,59.0
Washington,2025-09-11 04:00:00,0.59,1657,59.0
Washington,2025-09-12 04:00:00,0.56,3517,56.00000000000000
Washington,2025-09-13 04:00:00,0.5,22,50.0
Washington,2025-09-14 04:00:00,0.5,19,50.0
Washington,2025-09-15 04:00:00,0.72,40,72.0
Washington,2025-09-16 04:00:00,0.75,28363,75.0
Washington,2025-09-17 04:00:00,0.53,589,53.0
Washington,2025-09-18 04:00:00,0.49,1432,49.0
Washington,2025-09-19 04:00:00,0.51,76,51.0
Washington,2025-09-20 04:00:00,0.5,754,50.0
Washington,2025-09-21 04:00:00,0.51,1003,51.0
Washington,2025-09-22 04:00:00,0.54,2932,54.0
Washington,2025-09-23 04:00:00,0.56,5496,56.00000000000000
Washington,2025-09-24 04:00:00,0.57,12569,57.00000000000000
Washington,2025-09-25 04:00:00,0.54,955,54.0
Washington,2025-09-26 04:00:00,0.66,7284,66.0
Washington,2025-09-27 04:00:00,0.65,15,65.0
Washington,2025-09-28 04:00:00,0.5,4035,50.0
Washington,2025-09-29 04:00:00,0.47,41,47.0
Washington,2025-09-30 04:00:00,0.46,58,46.0
Washington,2025-10-01 04:00:00,0.45,1067,45.0
Washington,2025-10-03 04:00:00,0.46,20,46.0
Washington,2025-10-04 04:00:00,0.46,500,46.0
Washington,2025-10-05 04:00:00,0.47,116,47.0
Washington,2025-10-06 04:00:00,0.6,16,60.0
Washington,2025-10-07 04:00:00,0.6,240,60.0
Washington,2025-10-08 04:00:00,0.55,133,55.00000000000000
Washington,2025-10-09 04:00:00,0.59,560,59.0
Washington,2025-10-10 04:00:00,0.59,37,59.0
Washington,2025-10-12 04:00:00,0.51,222,51.0
Washington,2025-10-13 04:00:00,0.55,273,55.00000000000000
Washington,2025-10-14 04:00:00,0.49,128,49.0
Washington,2025-10-15 04:00:00,0.34,271,34.0
Washington,2025-10-16 04:00:00,0.4,3,40.0
Washington,2025-10-17 04:00:00,0.44,259,44.0
Washington,2025-10-18 04:00:00,0.49,2,49.0
Washington,2025-10-20 04:00:00,0.33,289,33.0
Washington,2025-10-21 04:00:00,0.32,29,32.0
Washington,2025-10-22 04:00:00,0.23,493,23.0
Washington,2025-10-23 04:00:00,0.2,61,20.0
Washington,2025-10-24 04:00:00,0.16,906,16.0
Washington,2025-10-25 04:00:00,0.14,2,14.000000000000000
Washington,2025-10-26 04:00:00,0.13,25,13.0
Washington,2025-10-27 04:00:00,0.05,1,5.0
Washington,2025-10-28 04:00:00,0.19,11,19.0
Washington,2025-10-30 04:00:00,0.06,75,6.0
Tennessee,2025-07-13 04:00:00,0.2,46,20.0
Tennessee,2025-07-14 04:00:00,0.2,23,20.0
Tennessee,2025-07-17 04:00:00,0.2,182,20.0
Tennessee,2025-07-18 04:00:00,0.16,100,16.0
Tennessee,2025-07-22 04:00:00,0.2,37,20.0
Tennessee,2025-07-25 04:00:00,0.2,5,20.0
Tennessee,2025-07-26 04:00:00,0.2,71,20.0
Tennessee,2025-07-29 04:00:00,0.17,182,17.0
Tennessee,2025-08-02 04:00:00,0.2,23,20.0
Tennessee,2025-08-14 04:00:00,0.16,2296,16.0
Tennessee,2025-08-15 04:00:00,0.21,230,21.0
Tennessee,2025-08-24 04:00:00,0.2,52,20.0
Tennessee,2025-08-27 04:00:00,0.19,106,19.0
Tennessee,2025-09-04 04:00:00,0.19,109,19.0
Tennessee,2025-09-05 04:00:00,0.17,12,17.0
Tennessee,2025-09-07 04:00:00,0.17,1,17.0
Tennessee,2025-09-08 04:00:00,0.19,12,19.0
Tennessee,2025-09-12 04:00:00,0.13,4,13.0
Tennessee,2025-09-13 04:00:00,0.12,1,12.0
Tennessee,2025-09-15 04:00:00,0.12,5,12.0
Tennessee,2025-09-16 04:00:00,0.2,15,20.0
Tennessee,2025-09-18 04:00:00,0.11,20,11.0
Tennessee,2025-09-26 04:00:00,0.03,10,3.0
Tennessee,2025-09-28 04:00:00,0.03,41,3.0
Tennessee,2025-09-30 04:00:00,0.04,100,4.0
Tennessee,2025-10-01 04:00:00,0.04,23,4.0
Tennessee,2025-10-02 04:00:00,0.02,6,2.0
Tennessee,2025-10-05 04:00:00,0.04,100,4.0
Tennessee,2025-10-07 04:00:00,0.05,46,5.0
Tennessee,2025-10-08 04:00:00,0.08,11,8.0
Tennessee,2025-10-09 04:00:00,0.05,78,5.0
Tennessee,2025-10-13 04:00:00,0.04,166,4.0
Tennessee,2025-10-25 04:00:00,0.02,1,2.0
Tampa Bay,2025-07-15 04:00:00,0.6,20,60.0
Tampa Bay,2025-07-18 04:00:00,0.6,1,60.0
Tampa Bay,2025-07-24 04:00:00,0.58,700,58.00000000000000
Tampa Bay,2025-07-25 04:00:00,0.79,3642,79.0
Tampa Bay,2025-08-03 04:00:00,0.57,61,57.00000000000000
Tampa Bay,2025-08-10 04:00:00,0.55,3944,55.00000000000000
Tampa Bay,2025-08-12 04:00:00,0.6,32,60.0
Tampa Bay,2025-08-14 04:00:00,0.6,2411,60.0
Tampa Bay,2025-08-15 04:00:00,0.6,64,60.0
Tampa Bay,2025-08-19 04:00:00,0.34,10,34.0
Tampa Bay,2025-08-20 04:00:00,0.6,17,60.0
Tampa Bay,2025-08-22 04:00:00,0.6,40,60.0
Tampa Bay,2025-08-26 04:00:00,0.6,10,60.0
Tampa Bay,2025-08-27 04:00:00,0.6,16,60.0
Tampa Bay,2025-08-30 04:00:00,0.6,16,60.0
Tampa Bay,2025-09-02 04:00:00,0.6,569,60.0
Tampa Bay,2025-09-03 04:00:00,0.61,1,61.0
Tampa Bay,2025-09-05 04:00:00,0.61,54,61.0
Tampa Bay,2025-09-07 04:00:00,0.6,78,60.0
Tampa Bay,2025-09-08 04:00:00,0.6,82,60.0
Tampa Bay,2025-09-11 04:00:00,0.71,4,71.0
Tampa Bay,2025-09-13 04:00:00,0.67,6550,67.0
Tampa Bay,2025-09-14 04:00:00,0.71,6,71.0
Tampa Bay,2025-09-16 04:00:00,0.92,616,92.0
Tampa Bay,2025-09-17 04:00:00,0.82,36,82.0
Tampa Bay,2025-09-18 04:00:00,0.75,1049,75.0
Tampa Bay,2025-09-19 04:00:00,0.71,1495,71.0
Tampa Bay,2025-09-21 04:00:00,0.75,592,75.0
Tampa Bay,2025-09-22 04:00:00,0.79,257,79.0
Tampa Bay,2025-09-23 04:00:00,0.82,177,82.0
Tampa Bay,2025-09-24 04:00:00,0.82,122,82.0
Tampa Bay,2025-09-25 04:00:00,0.79,1408,79.0
Tampa Bay,2025-09-26 04:00:00,0.85,30,85.0
Tampa Bay,2025-09-28 04:00:00,0.82,61,82.0
Tampa Bay,2025-09-29 04:00:00,0.79,50,79.0
Tampa Bay,2025-09-30 04:00:00,0.77,6,77.0
Tampa Bay,2025-10-02 04:00:00,0.77,4,77.0
Tampa Bay,2025-10-04 04:00:00,0.77,1,77.0
Tampa Bay,2025-10-06 04:00:00,0.88,11,88.0
Tampa Bay,2025-10-07 04:00:00,0.9,22,90.0
Tampa Bay,2025-10-08 04:00:00,0.83,56,83.0
Tampa Bay,2025-10-09 04:00:00,0.9,67,90.0
Tampa Bay,2025-10-10 04:00:00,0.88,26,88.0
Tampa Bay,2025-10-11 04:00:00,0.87,1,87.0
Tampa Bay,2025-10-13 04:00:00,0.85,2,85.0
Tampa Bay,2025-10-14 04:00:00,0.95,14,95.0
Tampa Bay,2025-10-15 04:00:00,0.87,2,87.0
Tampa Bay,2025-10-16 04:00:00,0.91,17,91.0
Tampa Bay,2025-10-17 04:00:00,0.92,4,92.0
Tampa Bay,2025-10-19 04:00:00,0.95,3,95.0
Tampa Bay,2025-10-20 04:00:00,0.95,2,95.0
Tampa Bay,2025-10-21 04:00:00,0.77,25,77.0
Tampa Bay,2025-10-22 04:00:00,0.84,98,84.0
Tampa Bay,2025-10-23 04:00:00,0.84,9,84.0
Tampa Bay,2025-10-24 04:00:00,0.83,25,83.0
Tampa Bay,2025-10-25 04:00:00,0.83,50,83.0
Tampa Bay,2025-10-27 04:00:00,0.94,28,94.0
San Francisco,2025-07-12 04:00:00,0.59,490,59.0
San Francisco,2025-07-15 04:00:00,0.6,45,60.0
San Francisco,2025-07-17 04:00:00,0.59,1620,59.0
San Francisco,2025-07-19 04:00:00,0.59,53,59.0
San Francisco,2025-07-22 04:00:00,0.61,500,61.0
San Francisco,2025-07-23 04:00:00,0.6,10,60.0
San Francisco,2025-07-24 04:00:00,0.6,1010,60.0
San Francisco,2025-07-25 04:00:00,0.59,1990,59.0
San Francisco,2025-07-26 04:00:00,0.6,220,60.0
San Francisco,2025-08-05 04:00:00,0.67,16,67.0
San Francisco,2025-08-07 04:00:00,0.67,10,67.0
San Francisco,2025-08-10 04:00:00,0.62,1009,62.0
San Francisco,2025-08-12 04:00:00,0.65,52,65.0
San Francisco,2025-08-13 04:00:00,0.64,2515,64.0
San Francisco,2025-08-14 04:00:00,0.64,223,64.0
San Francisco,2025-08-15 04:00:00,0.64,76,64.0
San Francisco,2025-08-16 04:00:00,0.61,49,61.0
San Francisco,2025-08-17 04:00:00,0.64,76,64.0
San Francisco,2025-08-18 04:00:00,0.64,15,64.0
San Francisco,2025-08-20 04:00:00,0.64,1137,64.0
San Francisco,2025-08-21 04:00:00,0.65,226,65.0
San Francisco,2025-08-22 04:00:00,0.65,37,65.0
San Francisco,2025-08-25 04:00:00,0.65,50,65.0
San Francisco,2025-08-26 04:00:00,0.65,10,65.0
San Francisco,2025-08-27 04:00:00,0.65,20,65.0
San Francisco,2025-08-28 04:00:00,0.64,39,64.0
San Francisco,2025-08-29 04:00:00,0.62,588,62.0
San Francisco,2025-08-30 04:00:00,0.65,2483,65.0
San Francisco,2025-08-31 04:00:00,0.65,45,65.0
San Francisco,2025-09-03 04:00:00,0.65,183,65.0
San Francisco,2025-09-08 04:00:00,0.99,2941,99.0
San Francisco,2025-09-09 04:00:00,0.55,104,55.00000000000000
San Francisco,2025-09-11 04:00:00,0.63,23900,63.0
San Francisco,2025-09-12 04:00:00,0.59,12181,59.0
San Francisco,2025-09-13 04:00:00,0.63,738,63.0
San Francisco,2025-09-14 04:00:00,0.62,11921,62.0
San Francisco,2025-09-15 04:00:00,0.8,838,80.0
San Francisco,2025-09-16 04:00:00,0.78,8301,78.0
San Francisco,2025-09-17 04:00:00,0.67,533,67.0
San Francisco,2025-09-18 04:00:00,0.7,190,70.0
San Francisco,2025-09-19 04:00:00,0.69,1026,69.0
San Francisco,2025-09-20 04:00:00,0.71,8456,71.0
San Francisco,2025-09-21 04:00:00,0.71,625,71.0
San Francisco,2025-09-22 04:00:00,0.75,20799,75.0
San Francisco,2025-09-23 04:00:00,0.8,1091,80.0
San Francisco,2025-09-24 04:00:00,0.79,454,79.0
San Francisco,2025-09-25 04:00:00,0.76,41,76.0
San Francisco,2025-09-26 04:00:00,0.76,68,76.0
San Francisco,2025-09-27 04:00:00,0.76,107,76.0
San Francisco,2025-09-28 04:00:00,0.76,699,76.0
San Francisco,2025-09-29 04:00:00,0.71,104,71.0
San Francisco,2025-09-30 04:00:00,0.7,662,70.0
San Francisco,2025-10-01 04:00:00,0.68,461,68.0
San Francisco,2025-10-02 04:00:00,0.68,23,68.0
San Francisco,2025-10-03 04:00:00,0.88,1203,88.0
San Francisco,2025-10-04 04:00:00,0.77,141,77.0
San Francisco,2025-10-05 04:00:00,0.81,610,81.0
San Francisco,2025-10-06 04:00:00,0.81,217,81.0
San Francisco,2025-10-07 04:00:00,0.8,641,80.0
San Francisco,2025-10-08 04:00:00,0.81,27,81.0
San Francisco,2025-10-10 04:00:00,0.86,5599,86.0
San Francisco,2025-10-11 04:00:00,0.84,1,84.0
San Francisco,2025-10-12 04:00:00,0.75,71,75.0
San Francisco,2025-10-13 04:00:00,0.62,116,62.0
San Francisco,2025-10-14 04:00:00,0.62,276,62.0
San Francisco,2025-10-15 04:00:00,0.55,45,55.00000000000000
San Francisco,2025-10-16 04:00:00,0.68,29,68.0
San Francisco,2025-10-17 04:00:00,0.66,1,66.0
San Francisco,2025-10-18 04:00:00,0.73,593,73.0
San Francisco,2025-10-19 04:00:00,0.72,550,72.0
San Francisco,2025-10-20 04:00:00,0.83,53,83.0
San Francisco,2025-10-22 04:00:00,0.81,57,81.0
San Francisco,2025-10-23 04:00:00,0.73,97,73.0
San Francisco,2025-10-24 04:00:00,0.75,28,75.0
San Francisco,2025-10-25 04:00:00,0.82,47,82.0
San Francisco,2025-10-26 04:00:00,0.79,3,79.0
San Francisco,2025-10-27 04:00:00,0.6,1065,60.0
San Francisco,2025-10-28 04:00:00,0.64,53,64.0
San Francisco,2025-10-29 04:00:00,0.78,246,78.0
San Francisco,2025-10-30 04:00:00,0.67,294,67.0
Seattle,2025-07-11 04:00:00,0.31,42,31.0
Seattle,2025-07-19 04:00:00,0.36,2,36.0
Seattle,2025-07-24 04:00:00,0.31,752,31.0
Seattle,2025-07-30 04:00:00,0.35,8,35.0
Seattle,2025-08-01 04:00:00,0.36,39,36.0
Seattle,2025-08-08 04:00:00,0.36,79,36.0
Seattle,2025-08-09 04:00:00,0.36,13,36.0
Seattle,2025-08-10 04:00:00,0.35,1010,35.0
Seattle,2025-08-12 04:00:00,0.36,3,36.0
Seattle,2025-08-14 04:00:00,0.36,690,36.0
Seattle,2025-08-20 04:00:00,0.35,25,35.0
Seattle,2025-08-22 04:00:00,0.35,976,35.0
Seattle,2025-08-23 04:00:00,0.35,4037,35.0
Seattle,2025-08-28 04:00:00,0.37,100,37.0
Seattle,2025-08-29 04:00:00,0.37,102,37.0
Seattle,2025-08-30 04:00:00,0.37,115,37.0
Seattle,2025-08-31 04:00:00,0.36,16234,36.0
Seattle,2025-09-02 04:00:00,0.36,132,36.0
Seattle,2025-09-03 04:00:00,0.36,26,36.0
Seattle,2025-09-04 04:00:00,0.36,18,36.0
Seattle,2025-09-05 04:00:00,0.36,577,36.0
Seattle,2025-09-06 04:00:00,0.36,185,36.0
Seattle,2025-09-08 04:00:00,0.16,10,16.0
Seattle,2025-09-09 04:00:00,0.25,38,25.0
Seattle,2025-09-10 04:00:00,0.25,972,25.0
Seattle,2025-09-12 04:00:00,0.27,123,27.0
Seattle,2025-09-13 04:00:00,0.27,468,27.0
Seattle,2025-09-14 04:00:00,0.26,1022,26.0
Seattle,2025-09-15 04:00:00,0.12,429,12.0
Seattle,2025-09-16 04:00:00,0.47,268,47.0
Seattle,2025-09-17 04:00:00,0.37,819,37.0
Seattle,2025-09-18 04:00:00,0.36,3000,36.0
Seattle,2025-09-19 04:00:00,0.36,6784,36.0
Seattle,2025-09-20 04:00:00,0.36,505,36.0
Seattle,2025-09-21 04:00:00,0.35,1683,35.0
Seattle,2025-09-22 04:00:00,0.43,11922,43.0
Seattle,2025-09-23 04:00:00,0.41,2735,41.0
Seattle,2025-09-24 04:00:00,0.42,362,42.0
Seattle,2025-09-25 04:00:00,0.42,247,42.0
Seattle,2025-09-26 04:00:00,0.59,6003,59.0
Seattle,2025-09-27 04:00:00,0.5,425,50.0
Seattle,2025-09-28 04:00:00,0.51,746,51.0
Seattle,2025-09-29 04:00:00,0.52,353,52.0
Seattle,2025-09-30 04:00:00,0.56,1015,56.00000000000000
Seattle,2025-10-01 04:00:00,0.56,2252,56.00000000000000
Seattle,2025-10-02 04:00:00,0.56,225,56.00000000000000
Seattle,2025-10-03 04:00:00,0.59,587,59.0
Seattle,2025-10-04 04:00:00,0.59,1768,59.0
Seattle,2025-10-05 04:00:00,0.53,1843,53.0
Seattle,2025-10-06 04:00:00,0.53,890,53.0
Seattle,2025-10-07 04:00:00,0.49,132,49.0
Seattle,2025-10-08 04:00:00,0.5,249,50.0
Seattle,2025-10-09 04:00:00,0.52,48,52.0
Seattle,2025-10-10 04:00:00,0.52,514,52.0
Seattle,2025-10-11 04:00:00,0.47,147,47.0
Seattle,2025-10-12 04:00:00,0.49,3296,49.0
Seattle,2025-10-13 04:00:00,0.64,83,64.0
Seattle,2025-10-14 04:00:00,0.62,497,62.0
Seattle,2025-10-15 04:00:00,0.67,324,67.0
Seattle,2025-10-16 04:00:00,0.79,21,79.0
Seattle,2025-10-17 04:00:00,0.66,11,66.0
Seattle,2025-10-20 04:00:00,0.61,126,61.0
Seattle,2025-10-21 04:00:00,0.71,140,71.0
Seattle,2025-10-22 04:00:00,0.68,6422,68.0
Seattle,2025-10-23 04:00:00,0.69,206,69.0
Seattle,2025-10-24 04:00:00,0.64,217,64.0
Seattle,2025-10-25 04:00:00,0.69,6,69.0
Seattle,2025-10-27 04:00:00,0.85,532,85.0
Seattle,2025-10-28 04:00:00,0.84,9,84.0
Seattle,2025-10-29 04:00:00,0.83,5,83.0
Seattle,2025-10-30 04:00:00,0.67,162,67.0
Pittsburgh,2025-07-12 04:00:00,0.46,1145,46.0
Pittsburgh,2025-07-14 04:00:00,0.4,100,40.0
Pittsburgh,2025-07-17 04:00:00,0.45,1275,45.0
Pittsburgh,2025-07-19 04:00:00,0.43,2500,43.0
Pittsburgh,2025-07-21 04:00:00,0.42,16,42.0
Pittsburgh,2025-07-22 04:00:00,0.43,584,43.0
Pittsburgh,2025-07-24 04:00:00,0.44,5,44.0
Pittsburgh,2025-07-25 04:00:00,0.44,1207,44.0
Pittsburgh,2025-07-29 04:00:00,0.44,1044,44.0
Pittsburgh,2025-08-02 04:00:00,0.44,1110,44.0
Pittsburgh,2025-08-03 04:00:00,0.42,50,42.0
Pittsburgh,2025-08-05 04:00:00,0.42,1750,42.0
Pittsburgh,2025-08-11 04:00:00,0.43,111,43.0
Pittsburgh,2025-08-13 04:00:00,0.42,1000,42.0
Pittsburgh,2025-08-14 04:00:00,0.4,2624,40.0
Pittsburgh,2025-08-16 04:00:00,0.44,21,44.0
Pittsburgh,2025-08-17 04:00:00,0.44,71,44.0
Pittsburgh,2025-08-20 04:00:00,0.43,32,43.0
Pittsburgh,2025-08-22 04:00:00,0.43,34,43.0
Pittsburgh,2025-08-23 04:00:00,0.43,229,43.0
Pittsburgh,2025-08-24 04:00:00,0.43,2,43.0
Pittsburgh,2025-08-25 04:00:00,0.42,246,42.0
Pittsburgh,2025-08-26 04:00:00,0.42,886,42.0
Pittsburgh,2025-08-27 04:00:00,0.42,594,42.0
Pittsburgh,2025-08-28 04:00:00,0.41,747,41.0
Pittsburgh,2025-08-29 04:00:00,0.41,1256,41.0
Pittsburgh,2025-08-30 04:00:00,0.38,1074,38.0
Pittsburgh,2025-08-31 04:00:00,0.38,60,38.0
Pittsburgh,2025-09-01 04:00:00,0.41,97,41.0
Pittsburgh,2025-09-02 04:00:00,0.41,8,41.0
Pittsburgh,2025-09-05 04:00:00,0.4,33,40.0
Pittsburgh,2025-09-06 04:00:00,0.41,7,41.0
Pittsburgh,2025-09-07 04:00:00,0.38,118,38.0
Pittsburgh,2025-09-08 04:00:00,0.5,2136,50.0
Pittsburgh,2025-09-12 04:00:00,0.47,843,47.0
Pittsburgh,2025-09-13 04:00:00,0.46,1530,46.0
Pittsburgh,2025-09-14 04:00:00,0.46,1068,46.0
Pittsburgh,2025-09-15 04:00:00,0.44,445,44.0
Pittsburgh,2025-09-16 04:00:00,0.7,6040,70.0
Pittsburgh,2025-09-17 04:00:00,0.45,81,45.0
Pittsburgh,2025-09-18 04:00:00,0.4,210,40.0
Pittsburgh,2025-09-19 04:00:00,0.4,22,40.0
Pittsburgh,2025-09-20 04:00:00,0.39,96,39.0
Pittsburgh,2025-09-21 04:00:00,0.4,65,40.0
Pittsburgh,2025-09-22 04:00:00,0.45,72,45.0
Pittsburgh,2025-09-23 04:00:00,0.45,2048,45.0
Pittsburgh,2025-09-24 04:00:00,0.46,1258,46.0
Pittsburgh,2025-09-25 04:00:00,0.45,112,45.0
Pittsburgh,2025-09-26 04:00:00,0.44,10,44.0
Pittsburgh,2025-09-27 04:00:00,0.46,20,46.0
Pittsburgh,2025-09-29 04:00:00,0.56,1404,56.00000000000000
Pittsburgh,2025-09-30 04:00:00,0.56,5409,56.00000000000000
Pittsburgh,2025-10-01 04:00:00,0.56,887,56.00000000000000
Pittsburgh,2025-10-02 04:00:00,0.57,290,57.00000000000000
Pittsburgh,2025-10-03 04:00:00,0.58,1466,58.00000000000000
Pittsburgh,2025-10-04 04:00:00,0.58,304,58.00000000000000
Pittsburgh,2025-10-05 04:00:00,0.57,83,57.00000000000000
Pittsburgh,2025-10-06 04:00:00,0.7,193,70.0
Pittsburgh,2025-10-07 04:00:00,0.66,887,66.0
Pittsburgh,2025-10-08 04:00:00,0.65,3822,65.0
Pittsburgh,2025-10-09 04:00:00,0.58,375,58.00000000000000
Pittsburgh,2025-10-10 04:00:00,0.63,2154,63.0
Pittsburgh,2025-10-11 04:00:00,0.62,15,62.0
Pittsburgh,2025-10-12 04:00:00,0.6,159,60.0
Pittsburgh,2025-10-13 04:00:00,0.8,2837,80.0
Pittsburgh,2025-10-14 04:00:00,0.75,1027,75.0
Pittsburgh,2025-10-15 04:00:00,0.7,264,70.0
Pittsburgh,2025-10-16 04:00:00,0.76,254,76.0
Pittsburgh,2025-10-17 04:00:00,0.59,282,59.0
Pittsburgh,2025-10-18 04:00:00,0.65,252,65.0
Pittsburgh,2025-10-19 04:00:00,0.62,20,62.0
Pittsburgh,2025-10-20 04:00:00,0.64,212,64.0
Pittsburgh,2025-10-21 04:00:00,0.6,1995,60.0
Pittsburgh,2025-10-22 04:00:00,0.57,2826,57.00000000000000
Pittsburgh,2025-10-23 04:00:00,0.57,204,57.00000000000000
Pittsburgh,2025-10-24 04:00:00,0.63,1587,63.0
Pittsburgh,2025-10-25 04:00:00,0.76,5,76.0
Pittsburgh,2025-10-26 04:00:00,0.71,25,71.0
Pittsburgh,2025-10-27 04:00:00,0.35,200,35.0
Pittsburgh,2025-10-28 04:00:00,0.59,1006,59.0
Pittsburgh,2025-10-29 04:00:00,0.53,1005,53.0
Pittsburgh,2025-10-30 04:00:00,0.57,52,57.00000000000000
Philadelphia,2025-07-17 04:00:00,0.74,593,74.0
Philadelphia,2025-07-19 04:00:00,0.74,7,74.0
Philadelphia,2025-07-22 04:00:00,0.76,501,76.0
Philadelphia,2025-07-24 04:00:00,0.75,5,75.0
Philadelphia,2025-07-25 04:00:00,0.93,2861,93.0
Philadelphia,2025-08-05 04:00:00,0.77,1282,77.0
Philadelphia,2025-08-07 04:00:00,0.76,10,76.0
Philadelphia,2025-08-08 04:00:00,0.76,5,76.0
Philadelphia,2025-08-09 04:00:00,0.81,18,81.0
Philadelphia,2025-08-10 04:00:00,0.66,117,66.0
Philadelphia,2025-08-11 04:00:00,0.79,240,79.0
Philadelphia,2025-08-12 04:00:00,0.79,10,79.0
Philadelphia,2025-08-14 04:00:00,0.79,767,79.0
Philadelphia,2025-08-18 04:00:00,0.79,200,79.0
Philadelphia,2025-08-20 04:00:00,0.74,100,74.0
Philadelphia,2025-08-23 04:00:00,0.77,25,77.0
Philadelphia,2025-08-25 04:00:00,0.77,264,77.0
Philadelphia,2025-08-26 04:00:00,0.76,597,76.0
Philadelphia,2025-08-27 04:00:00,0.76,4,76.0
Philadelphia,2025-08-29 04:00:00,0.75,1070,75.0
Philadelphia,2025-08-30 04:00:00,0.77,500,77.0
Philadelphia,2025-09-04 04:00:00,0.75,194,75.0
Philadelphia,2025-09-05 04:00:00,0.78,12,78.0
Philadelphia,2025-09-07 04:00:00,0.78,25,78.0
Philadelphia,2025-09-09 04:00:00,0.77,1200,77.0
Philadelphia,2025-09-10 04:00:00,0.77,8,77.0
Philadelphia,2025-09-11 04:00:00,0.81,6,81.0
Philadelphia,2025-09-12 04:00:00,0.82,9,82.0
Philadelphia,2025-09-13 04:00:00,0.81,714,81.0
Philadelphia,2025-09-14 04:00:00,0.81,100,81.0
Philadelphia,2025-09-15 04:00:00,0.94,10008,94.0
Philadelphia,2025-09-16 04:00:00,0.83,13,83.0
Philadelphia,2025-09-17 04:00:00,0.94,536,94.0
Philadelphia,2025-09-18 04:00:00,0.86,4223,86.0
Philadelphia,2025-09-19 04:00:00,0.86,10615,86.0
Philadelphia,2025-09-20 04:00:00,0.87,1042,87.0
Philadelphia,2025-09-21 04:00:00,0.87,261,87.0
Philadelphia,2025-09-22 04:00:00,0.91,2330,91.0
Philadelphia,2025-09-23 04:00:00,0.9,16,90.0
Philadelphia,2025-09-24 04:00:00,0.9,749,90.0
Philadelphia,2025-09-25 04:00:00,0.87,1050,87.0
Philadelphia,2025-09-27 04:00:00,0.89,113,89.0
Philadelphia,2025-09-28 04:00:00,0.89,1139,89.0
Philadelphia,2025-09-29 04:00:00,0.95,58,95.0
Philadelphia,2025-09-30 04:00:00,0.94,34,94.0
Philadelphia,2025-10-01 04:00:00,0.9,527,90.0
Philadelphia,2025-10-02 04:00:00,0.9,1001,90.0
Philadelphia,2025-10-03 04:00:00,0.93,942,93.0
Philadelphia,2025-10-04 04:00:00,0.97,18,97.0
Philadelphia,2025-10-05 04:00:00,0.91,100,91.0
Philadelphia,2025-10-06 04:00:00,0.9,5,90.0
Philadelphia,2025-10-07 04:00:00,0.95,126,95.0
Philadelphia,2025-10-08 04:00:00,0.91,2953,91.0
Philadelphia,2025-10-09 04:00:00,0.86,225,86.0
Philadelphia,2025-10-10 04:00:00,0.87,8373,87.0
Philadelphia,2025-10-11 04:00:00,0.69,3078,69.0
Philadelphia,2025-10-12 04:00:00,0.72,146,72.0
Philadelphia,2025-10-13 04:00:00,0.82,1596,82.0
Philadelphia,2025-10-14 04:00:00,0.74,1688,74.0
Philadelphia,2025-10-15 04:00:00,0.72,5555,72.0
Philadelphia,2025-10-16 04:00:00,0.78,1651,78.0
Philadelphia,2025-10-17 04:00:00,0.79,4,79.0
Philadelphia,2025-10-20 04:00:00,0.79,67,79.0
Philadelphia,2025-10-21 04:00:00,0.87,108,87.0
Philadelphia,2025-10-22 04:00:00,0.85,1111,85.0
Philadelphia,2025-10-23 04:00:00,0.84,551,84.0
Philadelphia,2025-10-24 04:00:00,0.84,563,84.0
Philadelphia,2025-10-25 04:00:00,0.85,6,85.0
Philadelphia,2025-10-26 04:00:00,0.84,1025,84.0
Philadelphia,2025-10-27 04:00:00,0.78,25,78.0
Philadelphia,2025-10-28 04:00:00,0.82,2725,82.0
Philadelphia,2025-10-29 04:00:00,0.93,148,93.0
Philadelphia,2025-10-30 04:00:00,0.93,55,93.0
New York J,2025-07-13 04:00:00,0.11,22,11.0
New York J,2025-07-16 04:00:00,0.16,12,16.0
New York J,2025-07-20 04:00:00,0.18,276,18.0
New York J,2025-07-23 04:00:00,0.37,31,37.0
New York J,2025-07-24 04:00:00,0.21,5,21.0
New York J,2025-08-02 04:00:00,0.2,250,20.0
New York J,2025-08-14 04:00:00,0.14,983,14.000000000000000
New York J,2025-08-22 04:00:00,0.14,11,14.000000000000000
New York J,2025-08-27 04:00:00,0.16,15,16.0
New York J,2025-09-05 04:00:00,0.16,129,16.0
New York J,2025-09-06 04:00:00,0.16,17,16.0
New York J,2025-09-08 04:00:00,0.15,2166,15.0
New York J,2025-09-09 04:00:00,0.2,1531,20.0
New York J,2025-09-11 04:00:00,0.13,10000,13.0
New York J,2025-09-12 04:00:00,0.14,207,14.000000000000000
New York J,2025-09-13 04:00:00,0.12,1,12.0
New York J,2025-09-14 04:00:00,0.16,1200,16.0
New York J,2025-09-15 04:00:00,0.12,1,12.0
New York J,2025-09-16 04:00:00,0.14,25,14.000000000000000
New York J,2025-09-17 04:00:00,0.06,2,6.0
New York J,2025-09-18 04:00:00,0.1,210,10.0
New York J,2025-09-19 04:00:00,0.11,1510,11.0
New York J,2025-09-23 04:00:00,0.09,120,9.0
New York J,2025-09-24 04:00:00,0.08,1000,8.0
New York J,2025-09-25 04:00:00,0.08,100,8.0
New York J,2025-09-26 04:00:00,0.09,20,9.0
New York J,2025-09-27 04:00:00,0.08,1,8.0
New York J,2025-09-29 04:00:00,0.07,80,7.000000000000000
New York J,2025-09-30 04:00:00,0.08,2,8.0
New York J,2025-10-02 04:00:00,0.05,94,5.0
New York J,2025-10-03 04:00:00,0.05,26,5.0
New York J,2025-10-04 04:00:00,0.05,13,5.0
New York J,2025-10-06 04:00:00,0.02,202,2.0
New York J,2025-10-07 04:00:00,0.05,300,5.0
New York J,2025-10-08 04:00:00,0.02,1107,2.0
New York J,2025-10-14 04:00:00,0.01,622,1.0
New York J,2025-10-16 04:00:00,0.04,23,4.0
New York J,2025-10-22 04:00:00,0.01,10,1.0
New York J,2025-10-25 04:00:00,0.05,1,5.0
New York J,2025-10-29 04:00:00,0.01,12,1.0
New York J,2025-10-30 04:00:00,0.01,17,1.0
New York G,2025-07-13 04:00:00,0.07,29,7.000000000000000
New York G,2025-07-22 04:00:00,0.11,5,11.0
New York G,2025-07-25 04:00:00,0.11,5,11.0
New York G,2025-08-01 04:00:00,0.13,36,13.0
New York G,2025-08-10 04:00:00,0.13,5,13.0
New York G,2025-08-11 04:00:00,0.13,25,13.0
New York G,2025-08-14 04:00:00,0.1,982,10.0
New York G,2025-08-15 04:00:00,0.09,2185,9.0
New York G,2025-08-17 04:00:00,0.12,10,12.0
New York G,2025-08-18 04:00:00,0.12,10,12.0
New York G,2025-08-20 04:00:00,0.12,40,12.0
New York G,2025-08-22 04:00:00,0.12,124,12.0
New York G,2025-08-23 04:00:00,0.12,365,12.0
New York G,2025-08-24 04:00:00,0.12,5,12.0
New York G,2025-08-25 04:00:00,0.12,392,12.0
New York G,2025-08-26 04:00:00,0.12,20,12.0
New York G,2025-08-27 04:00:00,0.12,39,12.0
New York G,2025-08-30 04:00:00,0.12,1645,12.0
New York G,2025-09-01 04:00:00,0.13,5,13.0
New York G,2025-09-02 04:00:00,0.13,1,13.0
New York G,2025-09-04 04:00:00,0.13,1007,13.0
New York G,2025-09-05 04:00:00,0.14,273,14.000000000000000
New York G,2025-09-06 04:00:00,0.15,446,15.0
New York G,2025-09-07 04:00:00,0.15,362,15.0
New York G,2025-09-08 04:00:00,0.1,2320,10.0
New York G,2025-09-12 04:00:00,0.07,7,7.000000000000000
New York G,2025-09-13 04:00:00,0.07,1,7.000000000000000
New York G,2025-09-14 04:00:00,0.09,1592,9.0
New York G,2025-09-15 04:00:00,0.18,148,18.0
New York G,2025-09-18 04:00:00,0.07,510,7.000000000000000
New York G,2025-09-19 04:00:00,0.04,601,4.0
New York G,2025-09-20 04:00:00,0.08,125,8.0
New York G,2025-09-21 04:00:00,0.04,100,4.0
New York G,2025-09-23 04:00:00,0.02,36,2.0
New York G,2025-09-25 04:00:00,0.04,1000,4.0
New York G,2025-09-26 04:00:00,0.04,110,4.0
New York G,2025-09-27 04:00:00,0.05,1000,5.0
New York G,2025-09-29 04:00:00,0.07,6343,7.000000000000000
New York G,2025-09-30 04:00:00,0.07,569,7.000000000000000
New York G,2025-10-01 04:00:00,0.06,20,6.0
New York G,2025-10-02 04:00:00,0.04,59,4.0
New York G,2025-10-03 04:00:00,0.06,1079,6.0
New York G,2025-10-04 04:00:00,0.08,300,8.0
New York G,2025-10-05 04:00:00,0.08,600,8.0
New York G,2025-10-06 04:00:00,0.07,279,7.000000000000000
New York G,2025-10-07 04:00:00,0.07,13,7.000000000000000
New York G,2025-10-08 04:00:00,0.05,298,5.0
New York G,2025-10-09 04:00:00,0.05,1400,5.0
New York G,2025-10-10 04:00:00,0.15,3598,15.0
New York G,2025-10-11 04:00:00,0.18,1255,18.0
New York G,2025-10-12 04:00:00,0.18,248,18.0
New York G,2025-10-13 04:00:00,0.15,315,15.0
New York G,2025-10-14 04:00:00,0.16,3108,16.0
New York G,2025-10-15 04:00:00,0.14,189,14.000000000000000
New York G,2025-10-16 04:00:00,0.18,1431,18.0
New York G,2025-10-17 04:00:00,0.12,112,12.0
New York G,2025-10-19 04:00:00,0.12,8,12.0
New York G,2025-10-20 04:00:00,0.02,1106,2.0
New York G,2025-10-21 04:00:00,0.17,222,17.0
New York G,2025-10-22 04:00:00,0.1,677,10.0
New York G,2025-10-23 04:00:00,0.1,953,10.0
New York G,2025-10-24 04:00:00,0.1,422,10.0
New York G,2025-10-25 04:00:00,0.06,1611,6.0
New York G,2025-10-26 04:00:00,0.12,838,12.0
New York G,2025-10-27 04:00:00,0.02,354,2.0
New York G,2025-10-28 04:00:00,0.02,350,2.0
New York G,2025-10-29 04:00:00,0.04,117,4.0
New York G,2025-10-30 04:00:00,0.02,10,2.0
New Orleans,2025-07-12 04:00:00,0.13,1584,13.0
New Orleans,2025-07-17 04:00:00,0.11,10,11.0
New Orleans,2025-07-24 04:00:00,0.1,23,10.0
New Orleans,2025-07-25 04:00:00,0.1,115,10.0
New Orleans,2025-07-26 04:00:00,0.1,1323,10.0
New Orleans,2025-07-31 04:00:00,0.1,110,10.0
New Orleans,2025-08-12 04:00:00,0.1,110,10.0
New Orleans,2025-08-14 04:00:00,0.09,571,9.0
New Orleans,2025-08-15 04:00:00,0.08,2169,8.0
New Orleans,2025-08-20 04:00:00,0.08,1,8.0
New Orleans,2025-08-22 04:00:00,0.11,23,11.0
New Orleans,2025-08-27 04:00:00,0.08,5,8.0
New Orleans,2025-08-31 04:00:00,0.1,150000,10.0
New Orleans,2025-09-02 04:00:00,0.09,1000,9.0
New Orleans,2025-09-03 04:00:00,0.09,1068,9.0
New Orleans,2025-09-05 04:00:00,0.09,283,9.0
New Orleans,2025-09-06 04:00:00,0.09,991,9.0
New Orleans,2025-09-08 04:00:00,0.1,125,10.0
New Orleans,2025-09-09 04:00:00,0.1,9,10.0
New Orleans,2025-09-16 04:00:00,0.05,99,5.0
New Orleans,2025-09-18 04:00:00,0.03,10,3.0
New Orleans,2025-09-19 04:00:00,0.06,10,6.0
New Orleans,2025-10-04 04:00:00,0.04,5,4.0
New Orleans,2025-10-05 04:00:00,0.04,100,4.0
New Orleans,2025-10-06 04:00:00,0.06,26,6.0
New Orleans,2025-10-10 04:00:00,0.08,50,8.0
New Orleans,2025-10-11 04:00:00,0.05,934,5.0
New Orleans,2025-10-13 04:00:00,0.04,72,4.0
New Orleans,2025-10-14 04:00:00,0.07,136,7.000000000000000
New Orleans,2025-10-20 04:00:00,0.02,4,2.0
New Orleans,2025-10-23 04:00:00,0.01,102,1.0
New Orleans,2025-10-25 04:00:00,0.01,1,1.0
New England,2025-07-12 04:00:00,0.42,2,42.0
New England,2025-07-14 04:00:00,0.41,25,41.0
New England,2025-07-16 04:00:00,0.41,19,41.0
New England,2025-07-17 04:00:00,0.42,1583,42.0
New England,2025-07-18 04:00:00,0.43,62,43.0
New England,2025-07-22 04:00:00,0.42,505,42.0
New England,2025-07-24 04:00:00,0.42,755,42.0
New England,2025-07-25 04:00:00,0.41,2260,41.0
New England,2025-07-29 04:00:00,0.36,25,36.0
New England,2025-07-30 04:00:00,0.38,194,38.0
New England,2025-07-31 04:00:00,0.39,250,39.0
New England,2025-08-01 04:00:00,0.36,15,36.0
New England,2025-08-02 04:00:00,0.36,10,36.0
New England,2025-08-09 04:00:00,0.39,1000,39.0
New England,2025-08-14 04:00:00,0.36,1127,36.0
New England,2025-08-18 04:00:00,0.37,15,37.0
New England,2025-08-19 04:00:00,0.38,22,38.0
New England,2025-08-20 04:00:00,0.36,9,36.0
New England,2025-08-21 04:00:00,0.37,403,37.0
New England,2025-08-22 04:00:00,0.36,15,36.0
New England,2025-08-27 04:00:00,0.37,7,37.0
New England,2025-08-29 04:00:00,0.38,12,38.0
New England,2025-08-31 04:00:00,0.37,493,37.0
New England,2025-09-03 04:00:00,0.37,1179,37.0
New England,2025-09-05 04:00:00,0.37,94,37.0
New England,2025-09-06 04:00:00,0.37,20,37.0
New England,2025-09-08 04:00:00,0.37,86,37.0
New England,2025-09-10 04:00:00,0.3,2,30.0
New England,2025-09-11 04:00:00,0.28,5,28.000000000000000
New England,2025-09-12 04:00:00,0.26,399,26.0
New England,2025-09-14 04:00:00,0.28,3,28.000000000000000
New England,2025-09-15 04:00:00,0.4,215,40.0
New England,2025-09-16 04:00:00,0.37,291,37.0
New England,2025-09-17 04:00:00,0.37,2695,37.0
New England,2025-09-18 04:00:00,0.37,15,37.0
New England,2025-09-19 04:00:00,0.37,327,37.0
New England,2025-09-20 04:00:00,0.36,32,36.0
New England,2025-09-21 04:00:00,0.36,50,36.0
New England,2025-09-22 04:00:00,0.26,66,26.0
New England,2025-09-23 04:00:00,0.29,286,29.000000000000000
New England,2025-09-24 04:00:00,0.3,2426,30.0
New England,2025-09-25 04:00:00,0.3,25,30.0
New England,2025-09-26 04:00:00,0.28,10,28.000000000000000
New England,2025-09-29 04:00:00,0.37,262,37.0
New England,2025-09-30 04:00:00,0.34,3762,34.0
New England,2025-10-01 04:00:00,0.35,160,35.0
New England,2025-10-02 04:00:00,0.37,61,37.0
New England,2025-10-03 04:00:00,0.37,4,37.0
New England,2025-10-04 04:00:00,0.37,165,37.0
New England,2025-10-05 04:00:00,0.37,1856,37.0
New England,2025-10-06 04:00:00,0.61,985,61.0
New England,2025-10-07 04:00:00,0.62,624,62.0
New England,2025-10-08 04:00:00,0.64,231,64.0
New England,2025-10-09 04:00:00,0.64,207,64.0
New England,2025-10-10 04:00:00,0.59,1603,59.0
New England,2025-10-11 04:00:00,0.64,320,64.0
New England,2025-10-12 04:00:00,0.62,643,62.0
New England,2025-10-13 04:00:00,0.8,574,80.0
New England,2025-10-14 04:00:00,0.86,771,86.0
New England,2025-10-15 04:00:00,0.76,2,76.0
New England,2025-10-16 04:00:00,0.81,6,81.0
New England,2025-10-17 04:00:00,0.81,5,81.0
New England,2025-10-18 04:00:00,0.78,1,78.0
New England,2025-10-19 04:00:00,0.79,87,79.0
New England,2025-10-20 04:00:00,0.91,201,91.0
New England,2025-10-21 04:00:00,0.89,88,89.0
New England,2025-10-22 04:00:00,0.85,8,85.0
New England,2025-10-23 04:00:00,0.82,32,82.0
New England,2025-10-24 04:00:00,0.87,491,87.0
New England,2025-10-25 04:00:00,0.88,29,88.0
New England,2025-10-26 04:00:00,0.88,25,88.0
New England,2025-10-27 04:00:00,0.96,50,96.0
New England,2025-10-28 04:00:00,0.92,311,92.0
New England,2025-10-29 04:00:00,0.82,8,82.0
New England,2025-10-30 04:00:00,0.9,68,90.0
Minnesota,2025-07-12 04:00:00,0.51,5717,51.0
Minnesota,2025-07-13 04:00:00,0.46,1,46.0
Minnesota,2025-07-14 04:00:00,0.51,804,51.0
Minnesota,2025-07-18 04:00:00,0.47,18,47.0
Minnesota,2025-07-23 04:00:00,0.5,96,50.0
Minnesota,2025-07-24 04:00:00,0.49,30,49.0
Minnesota,2025-07-25 04:00:00,0.49,34,49.0
Minnesota,2025-07-26 04:00:00,0.48,2247,48.0
Minnesota,2025-07-29 04:00:00,0.48,30,48.0
Minnesota,2025-07-30 04:00:00,0.49,605,49.0
Minnesota,2025-08-02 04:00:00,0.48,1158,48.0
Minnesota,2025-08-03 04:00:00,0.53,18,53.0
Minnesota,2025-08-05 04:00:00,0.47,1478,47.0
Minnesota,2025-08-06 04:00:00,0.52,13,52.0
Minnesota,2025-08-14 04:00:00,0.49,1667,49.0
Minnesota,2025-08-15 04:00:00,0.35,753,35.0
Minnesota,2025-08-17 04:00:00,0.49,12,49.0
Minnesota,2025-08-18 04:00:00,0.36,5,36.0
Minnesota,2025-08-19 04:00:00,0.37,15,37.0
Minnesota,2025-08-20 04:00:00,0.46,1322,46.0
Minnesota,2025-08-22 04:00:00,0.46,53,46.0
Minnesota,2025-08-23 04:00:00,0.48,5,48.0
Minnesota,2025-08-25 04:00:00,0.47,53,47.0
Minnesota,2025-08-26 04:00:00,0.47,10,47.0
Minnesota,2025-08-27 04:00:00,0.47,9,47.0
Minnesota,2025-08-28 04:00:00,0.48,211,48.0
Minnesota,2025-08-29 04:00:00,0.44,1124,44.0
Minnesota,2025-08-30 04:00:00,0.45,38,45.0
Minnesota,2025-08-31 04:00:00,0.45,50,45.0
Minnesota,2025-09-02 04:00:00,0.45,22,45.0
Minnesota,2025-09-03 04:00:00,0.44,241,44.0
Minnesota,2025-09-05 04:00:00,0.43,27,43.0
Minnesota,2025-09-06 04:00:00,0.46,1304,46.0
Minnesota,2025-09-07 04:00:00,0.43,35,43.0
Minnesota,2025-09-08 04:00:00,0.48,60,48.0
Minnesota,2025-09-09 04:00:00,0.48,210,48.0
Minnesota,2025-09-10 04:00:00,0.52,25,52.0
Minnesota,2025-09-11 04:00:00,0.48,1,48.0
Minnesota,2025-09-12 04:00:00,0.51,323,51.0
Minnesota,2025-09-13 04:00:00,0.52,73,52.0
Minnesota,2025-09-14 04:00:00,0.5,266,50.0
Minnesota,2025-09-15 04:00:00,0.34,2973,34.0
Minnesota,2025-09-16 04:00:00,0.49,44,49.0
Minnesota,2025-09-17 04:00:00,0.29,46,29.000000000000000
Minnesota,2025-09-18 04:00:00,0.33,364,33.0
Minnesota,2025-09-19 04:00:00,0.33,54,33.0
Minnesota,2025-09-20 04:00:00,0.33,50,33.0
Minnesota,2025-09-22 04:00:00,0.38,178,38.0
Minnesota,2025-09-23 04:00:00,0.38,623,38.0
Minnesota,2025-09-24 04:00:00,0.35,570,35.0
Minnesota,2025-09-25 04:00:00,0.38,80,38.0
Minnesota,2025-09-26 04:00:00,0.35,50,35.0
Minnesota,2025-09-27 04:00:00,0.38,100,38.0
Minnesota,2025-09-28 04:00:00,0.36,8,36.0
Minnesota,2025-09-29 04:00:00,0.23,199,23.0
Minnesota,2025-09-30 04:00:00,0.23,336,23.0
Minnesota,2025-10-01 04:00:00,0.25,312,25.0
Minnesota,2025-10-02 04:00:00,0.25,138,25.0
Minnesota,2025-10-03 04:00:00,0.24,30,24.0
Minnesota,2025-10-04 04:00:00,0.28,45,28.000000000000000
Minnesota,2025-10-05 04:00:00,0.28,135,28.000000000000000
Minnesota,2025-10-07 04:00:00,0.39,52,39.0
Minnesota,2025-10-08 04:00:00,0.32,183,32.0
Minnesota,2025-10-09 04:00:00,0.26,141,26.0
Minnesota,2025-10-10 04:00:00,0.33,3779,33.0
Minnesota,2025-10-11 04:00:00,0.23,3,23.0
Minnesota,2025-10-12 04:00:00,0.24,144,24.0
Minnesota,2025-10-13 04:00:00,0.24,3,24.0
Minnesota,2025-10-14 04:00:00,0.2,669,20.0
Minnesota,2025-10-15 04:00:00,0.3,50,30.0
Minnesota,2025-10-16 04:00:00,0.23,6324,23.0
Minnesota,2025-10-17 04:00:00,0.31,781,31.0
Minnesota,2025-10-18 04:00:00,0.3,2,30.0
Minnesota,2025-10-19 04:00:00,0.31,567,31.0
Minnesota,2025-10-20 04:00:00,0.25,1020,25.0
Minnesota,2025-10-21 04:00:00,0.29,1708,29.000000000000000
Minnesota,2025-10-22 04:00:00,0.19,347,19.0
Minnesota,2025-10-23 04:00:00,0.17,1385,17.0
Minnesota,2025-10-24 04:00:00,0.19,1018,19.0
Minnesota,2025-10-25 04:00:00,0.04,87,4.0
Minnesota,2025-10-26 04:00:00,0.19,9,19.0
Minnesota,2025-10-27 04:00:00,0.06,27,6.0
Minnesota,2025-10-29 04:00:00,0.11,60,11.0
Minnesota,2025-10-30 04:00:00,0.07,156,7.000000000000000
Miami,2025-07-12 04:00:00,0.33,1396,33.0
Miami,2025-07-13 04:00:00,0.3,27,30.0
Miami,2025-07-14 04:00:00,0.3,1263,30.0
Miami,2025-07-17 04:00:00,0.32,733,32.0
Miami,2025-07-18 04:00:00,0.32,5,32.0
Miami,2025-07-19 04:00:00,0.32,22,32.0
Miami,2025-07-22 04:00:00,0.31,1,31.0
Miami,2025-07-26 04:00:00,0.35,4,35.0
Miami,2025-07-29 04:00:00,0.33,102,33.0
Miami,2025-08-05 04:00:00,0.34,397,34.0
Miami,2025-08-11 04:00:00,0.35,10,35.0
Miami,2025-08-14 04:00:00,0.33,22,33.0
Miami,2025-08-20 04:00:00,0.32,1000,32.0
Miami,2025-08-22 04:00:00,0.32,99,32.0
Miami,2025-08-24 04:00:00,0.31,10,31.0
Miami,2025-08-25 04:00:00,0.31,203,31.0
Miami,2025-08-27 04:00:00,0.31,15,31.0
Miami,2025-08-29 04:00:00,0.31,2125,31.0
Miami,2025-08-31 04:00:00,0.32,158,32.0
Miami,2025-09-02 04:00:00,0.31,171,31.0
Miami,2025-09-04 04:00:00,0.32,13233,32.0
Miami,2025-09-05 04:00:00,0.32,30,32.0
Miami,2025-09-07 04:00:00,0.31,119,31.0
Miami,2025-09-08 04:00:00,0.32,1353,32.0
Miami,2025-09-14 04:00:00,0.17,100,17.0
Miami,2025-09-18 04:00:00,0.13,500,13.0
Miami,2025-09-19 04:00:00,0.12,19,12.0
Miami,2025-09-20 04:00:00,0.06,1000,6.0
Miami,2025-09-21 04:00:00,0.05,150,5.0
Miami,2025-09-23 04:00:00,0.11,151,11.0
Miami,2025-09-24 04:00:00,0.07,1325,7.000000000000000
Miami,2025-09-25 04:00:00,0.1,308,10.0
Miami,2025-09-26 04:00:00,0.1,2280,10.0
Miami,2025-09-28 04:00:00,0.08,27,8.0
Miami,2025-09-29 04:00:00,0.08,40,8.0
Miami,2025-09-30 04:00:00,0.12,16217,12.0
Miami,2025-10-01 04:00:00,0.12,1105,12.0
Miami,2025-10-02 04:00:00,0.1,1625,10.0
Miami,2025-10-04 04:00:00,0.07,2015,7.000000000000000
Miami,2025-10-05 04:00:00,0.11,197,11.0
Miami,2025-10-06 04:00:00,0.11,64,11.0
Miami,2025-10-08 04:00:00,0.03,15,3.0
Miami,2025-10-10 04:00:00,0.06,115,6.0
Miami,2025-10-11 04:00:00,0.05,418,5.0
Miami,2025-10-12 04:00:00,0.05,10735,5.0
Miami,2025-10-13 04:00:00,0.1,75,10.0
Miami,2025-10-18 04:00:00,0.03,265,3.0
Miami,2025-10-21 04:00:00,0.02,70,2.0
Miami,2025-10-23 04:00:00,0.03,22,3.0
Miami,2025-10-24 04:00:00,0.03,204,3.0
Miami,2025-10-25 04:00:00,0.03,1,3.0
Miami,2025-10-28 04:00:00,0.12,2155,12.0
Las Vegas,2025-07-17 04:00:00,0.22,40,22.0
Las Vegas,2025-07-18 04:00:00,0.18,10,18.0
Las Vegas,2025-07-20 04:00:00,0.22,43,22.0
Las Vegas,2025-07-21 04:00:00,0.24,211,24.0
Las Vegas,2025-07-23 04:00:00,0.44,49,44.0
Las Vegas,2025-07-24 04:00:00,0.22,45,22.0
Las Vegas,2025-07-25 04:00:00,0.43,22,43.0
Las Vegas,2025-07-29 04:00:00,0.4,25,40.0
Las Vegas,2025-08-02 04:00:00,0.26,10,26.0
Las Vegas,2025-08-03 04:00:00,0.26,3,26.0
Las Vegas,2025-08-05 04:00:00,0.26,87,26.0
Las Vegas,2025-08-08 04:00:00,0.25,3,25.0
Las Vegas,2025-08-10 04:00:00,0.23,6,23.0
Las Vegas,2025-08-13 04:00:00,0.26,15,26.0
Las Vegas,2025-08-14 04:00:00,0.26,345,26.0
Las Vegas,2025-08-17 04:00:00,0.35,33,35.0
Las Vegas,2025-08-20 04:00:00,0.23,111,23.0
Las Vegas,2025-08-22 04:00:00,0.23,108,23.0
Las Vegas,2025-08-24 04:00:00,0.23,20,23.0
Las Vegas,2025-08-25 04:00:00,0.23,256,23.0
Las Vegas,2025-08-26 04:00:00,0.23,206,23.0
Las Vegas,2025-08-27 04:00:00,0.23,246,23.0
Las Vegas,2025-08-28 04:00:00,0.21,4098,21.0
Las Vegas,2025-08-29 04:00:00,0.21,4000,21.0
Las Vegas,2025-08-30 04:00:00,0.24,98,24.0
Las Vegas,2025-08-31 04:00:00,0.24,7,24.0
Las Vegas,2025-09-02 04:00:00,0.25,44,25.0
Las Vegas,2025-09-03 04:00:00,0.24,139,24.0
Las Vegas,2025-09-05 04:00:00,0.23,70,23.0
Las Vegas,2025-09-06 04:00:00,0.24,19,24.0
Las Vegas,2025-09-08 04:00:00,0.25,228,25.0
Las Vegas,2025-09-09 04:00:00,0.28,53,28.000000000000000
Las Vegas,2025-09-10 04:00:00,0.29,62,29.000000000000000
Las Vegas,2025-09-12 04:00:00,0.29,213,29.000000000000000
Las Vegas,2025-09-13 04:00:00,0.29,904,29.000000000000000
Las Vegas,2025-09-14 04:00:00,0.29,600,29.000000000000000
Las Vegas,2025-09-15 04:00:00,0.29,1049,29.000000000000000
Las Vegas,2025-09-16 04:00:00,0.4,23,40.0
Las Vegas,2025-09-18 04:00:00,0.24,300,24.0
Las Vegas,2025-09-19 04:00:00,0.24,13,24.0
Las Vegas,2025-09-20 04:00:00,0.23,32,23.0
Las Vegas,2025-09-21 04:00:00,0.23,6,23.0
Las Vegas,2025-09-22 04:00:00,0.19,259,19.0
Las Vegas,2025-09-23 04:00:00,0.18,511,18.0
Las Vegas,2025-09-24 04:00:00,0.17,406,17.0
Las Vegas,2025-09-25 04:00:00,0.18,425,18.0
Las Vegas,2025-09-26 04:00:00,0.18,110,18.0
Las Vegas,2025-09-28 04:00:00,0.18,63,18.0
Las Vegas,2025-09-29 04:00:00,0.14,2808,14.000000000000000
Las Vegas,2025-09-30 04:00:00,0.09,56,9.0
Las Vegas,2025-10-01 04:00:00,0.1,155,10.0
Las Vegas,2025-10-02 04:00:00,0.1,58,10.0
Las Vegas,2025-10-04 04:00:00,0.09,79,9.0
Las Vegas,2025-10-05 04:00:00,0.11,41,11.0
Las Vegas,2025-10-06 04:00:00,0.09,1000,9.0
Las Vegas,2025-10-07 04:00:00,0.09,500,9.0
Las Vegas,2025-10-08 04:00:00,0.03,20,3.0
Las Vegas,2025-10-11 04:00:00,0.06,50,6.0
Las Vegas,2025-10-12 04:00:00,0.02,206,2.0
Las Vegas,2025-10-13 04:00:00,0.06,168,6.0
Las Vegas,2025-10-15 04:00:00,0.03,4,3.0
Las Vegas,2025-10-16 04:00:00,0.03,4,3.0
Las Vegas,2025-10-17 04:00:00,0.08,50,8.0
Las Vegas,2025-10-20 04:00:00,0.03,229,3.0
Las Vegas,2025-10-21 04:00:00,0.09,73,9.0
Las Vegas,2025-10-22 04:00:00,0.03,4739,3.0
Las Vegas,2025-10-25 04:00:00,0.06,51,6.0
Las Vegas,2025-10-29 04:00:00,0.02,1,2.0
Los Angeles C,2025-07-22 04:00:00,0.55,1,55.00000000000000
Los Angeles C,2025-07-25 04:00:00,0.56,3,56.00000000000000
Los Angeles C,2025-07-29 04:00:00,0.56,25,56.00000000000000
Los Angeles C,2025-08-02 04:00:00,0.58,10,58.00000000000000
Los Angeles C,2025-08-05 04:00:00,0.55,268,55.00000000000000
Los Angeles C,2025-08-20 04:00:00,0.51,18,51.0
Los Angeles C,2025-08-22 04:00:00,0.51,27,51.0
Los Angeles C,2025-08-23 04:00:00,0.51,50,51.0
Los Angeles C,2025-08-25 04:00:00,0.51,144,51.0
Los Angeles C,2025-08-26 04:00:00,0.51,47,51.0
Los Angeles C,2025-08-27 04:00:00,0.53,9,53.0
Los Angeles C,2025-08-29 04:00:00,0.51,1121,51.0
Los Angeles C,2025-09-02 04:00:00,0.52,1,52.0
Los Angeles C,2025-09-03 04:00:00,0.51,37,51.0
Los Angeles C,2025-09-04 04:00:00,0.51,225,51.0
Los Angeles C,2025-09-05 04:00:00,0.5,630,50.0
Los Angeles C,2025-09-06 04:00:00,0.57,28401,57.00000000000000
Los Angeles C,2025-09-07 04:00:00,0.6,3927,60.0
Los Angeles C,2025-09-08 04:00:00,0.6,41,60.0
Los Angeles C,2025-09-09 04:00:00,0.65,1000,65.0
Los Angeles C,2025-09-11 04:00:00,0.63,9,63.0
Los Angeles C,2025-09-12 04:00:00,0.66,215,66.0
Los Angeles C,2025-09-13 04:00:00,0.62,7145,62.0
Los Angeles C,2025-09-14 04:00:00,0.66,220,66.0
Los Angeles C,2025-09-15 04:00:00,0.73,117,73.0
Los Angeles C,2025-09-16 04:00:00,0.74,1250,74.0
Los Angeles C,2025-09-17 04:00:00,0.79,27,79.0
Los Angeles C,2025-09-18 04:00:00,0.8,970,80.0
Los Angeles C,2025-09-19 04:00:00,0.77,259,77.0
Los Angeles C,2025-09-20 04:00:00,0.8,75,80.0
Los Angeles C,2025-09-22 04:00:00,0.87,629,87.0
Los Angeles C,2025-09-24 04:00:00,0.88,1337,88.0
Los Angeles C,2025-09-25 04:00:00,0.88,200,88.0
Los Angeles C,2025-09-26 04:00:00,0.88,53,88.0
Los Angeles C,2025-09-28 04:00:00,0.88,4,88.0
Los Angeles C,2025-09-29 04:00:00,0.8,15389,80.0
Los Angeles C,2025-09-30 04:00:00,0.78,415,78.0
Los Angeles C,2025-10-01 04:00:00,0.78,160,78.0
Los Angeles C,2025-10-02 04:00:00,0.79,1876,79.0
Los Angeles C,2025-10-03 04:00:00,0.79,1,79.0
Los Angeles C,2025-10-04 04:00:00,0.79,25,79.0
Los Angeles C,2025-10-05 04:00:00,0.79,48,79.0
Los Angeles C,2025-10-06 04:00:00,0.56,455,56.00000000000000
Los Angeles C,2025-10-07 04:00:00,0.7,150,70.0
Los Angeles C,2025-10-08 04:00:00,0.67,294,67.0
Los Angeles C,2025-10-09 04:00:00,0.69,11,69.0
Los Angeles C,2025-10-10 04:00:00,0.68,469,68.0
Los Angeles C,2025-10-11 04:00:00,0.68,4234,68.0
Los Angeles C,2025-10-12 04:00:00,0.66,743,66.0
Los Angeles C,2025-10-13 04:00:00,0.66,29,66.0
Los Angeles C,2025-10-15 04:00:00,0.74,132,74.0
Los Angeles C,2025-10-16 04:00:00,0.68,136,68.0
Los Angeles C,2025-10-18 04:00:00,0.68,300,68.0
Los Angeles C,2025-10-20 04:00:00,0.41,323,41.0
Los Angeles C,2025-10-21 04:00:00,0.63,41,63.0
Los Angeles C,2025-10-23 04:00:00,0.65,201,65.0
Los Angeles C,2025-10-24 04:00:00,0.65,25,65.0
Los Angeles C,2025-10-25 04:00:00,0.76,61,76.0
Los Angeles C,2025-10-26 04:00:00,0.79,3,79.0
Los Angeles C,2025-10-27 04:00:00,0.82,249,82.0
Los Angeles C,2025-10-28 04:00:00,0.78,30,78.0
Los Angeles C,2025-10-29 04:00:00,0.66,70,66.0
Los Angeles C,2025-10-30 04:00:00,0.69,208,69.0
Los Angeles R,2025-07-12 04:00:00,0.56,1874,56.00000000000000
Los Angeles R,2025-07-14 04:00:00,0.61,308,61.0
Los Angeles R,2025-07-15 04:00:00,0.61,15,61.0
Los Angeles R,2025-07-22 04:00:00,0.6,500,60.0
Los Angeles R,2025-07-24 04:00:00,0.59,8,59.0
Los Angeles R,2025-07-25 04:00:00,0.58,3,58.00000000000000
Los Angeles R,2025-07-26 04:00:00,0.6,16,60.0
Los Angeles R,2025-07-29 04:00:00,0.58,25,58.00000000000000
Los Angeles R,2025-07-30 04:00:00,0.58,4,58.00000000000000
Los Angeles R,2025-08-02 04:00:00,0.58,10,58.00000000000000
Los Angeles R,2025-08-05 04:00:00,0.58,458,58.00000000000000
Los Angeles R,2025-08-06 04:00:00,0.59,10,59.0
Los Angeles R,2025-08-08 04:00:00,0.53,65,53.0
Los Angeles R,2025-08-10 04:00:00,0.54,10,54.0
Los Angeles R,2025-08-12 04:00:00,0.58,33,58.00000000000000
Los Angeles R,2025-08-14 04:00:00,0.58,1043,58.00000000000000
Los Angeles R,2025-08-15 04:00:00,0.58,83,58.00000000000000
Los Angeles R,2025-08-17 04:00:00,0.59,90,59.0
Los Angeles R,2025-08-18 04:00:00,0.53,20,53.0
Los Angeles R,2025-08-19 04:00:00,0.56,30,56.00000000000000
Los Angeles R,2025-08-20 04:00:00,0.55,15,55.00000000000000
Los Angeles R,2025-08-22 04:00:00,0.55,32,55.00000000000000
Los Angeles R,2025-08-25 04:00:00,0.55,262,55.00000000000000
Los Angeles R,2025-08-26 04:00:00,0.56,455,56.00000000000000
Los Angeles R,2025-08-27 04:00:00,0.56,10,56.00000000000000
Los Angeles R,2025-08-30 04:00:00,0.56,437,56.00000000000000
Los Angeles R,2025-09-02 04:00:00,0.56,1,56.00000000000000
Los Angeles R,2025-09-03 04:00:00,0.58,8,58.00000000000000
Los Angeles R,2025-09-05 04:00:00,0.58,493,58.00000000000000
Los Angeles R,2025-09-08 04:00:00,0.56,1324,56.00000000000000
Los Angeles R,2025-09-12 04:00:00,0.65,5,65.0
Los Angeles R,2025-09-13 04:00:00,0.61,1500,61.0
Los Angeles R,2025-09-15 04:00:00,0.74,112,74.0
Los Angeles R,2025-09-16 04:00:00,0.43,25,43.0
Los Angeles R,2025-09-17 04:00:00,0.69,212,69.0
Los Angeles R,2025-09-19 04:00:00,0.68,27,68.0
Los Angeles R,2025-09-20 04:00:00,0.68,54,68.0
Los Angeles R,2025-09-21 04:00:00,0.67,36,67.0
Los Angeles R,2025-09-22 04:00:00,0.65,381,65.0
Los Angeles R,2025-09-23 04:00:00,0.65,574,65.0
Los Angeles R,2025-09-24 04:00:00,0.65,25,65.0
Los Angeles R,2025-09-25 04:00:00,0.65,100,65.0
Los Angeles R,2025-09-26 04:00:00,0.67,71,67.0
Los Angeles R,2025-09-27 04:00:00,0.66,24,66.0
Los Angeles R,2025-09-28 04:00:00,0.66,1,66.0
Los Angeles R,2025-09-29 04:00:00,0.74,2803,74.0
Los Angeles R,2025-09-30 04:00:00,0.76,708,76.0
Los Angeles R,2025-10-01 04:00:00,0.75,159,75.0
Los Angeles R,2025-10-02 04:00:00,0.75,51,75.0
Los Angeles R,2025-10-03 04:00:00,0.7,2026,70.0
Los Angeles R,2025-10-04 04:00:00,0.69,25,69.0
Los Angeles R,2025-10-05 04:00:00,0.64,18,64.0
Los Angeles R,2025-10-06 04:00:00,0.72,55,72.0
Los Angeles R,2025-10-07 04:00:00,0.66,28,66.0
Los Angeles R,2025-10-08 04:00:00,0.72,15,72.0
Los Angeles R,2025-10-09 04:00:00,0.72,25,72.0
Los Angeles R,2025-10-11 04:00:00,0.72,501,72.0
Los Angeles R,2025-10-13 04:00:00,0.75,650,75.0
Los Angeles R,2025-10-14 04:00:00,0.75,2332,75.0
Los Angeles R,2025-10-15 04:00:00,0.82,225,82.0
Los Angeles R,2025-10-16 04:00:00,0.79,11,79.0
Los Angeles R,2025-10-18 04:00:00,0.72,50,72.0
Los Angeles R,2025-10-20 04:00:00,0.82,156,82.0
Los Angeles R,2025-10-21 04:00:00,0.84,95,84.0
Los Angeles R,2025-10-22 04:00:00,0.81,1125,81.0
Los Angeles R,2025-10-23 04:00:00,0.81,20,81.0
Los Angeles R,2025-10-24 04:00:00,0.82,775,82.0
Los Angeles R,2025-10-25 04:00:00,0.82,6,82.0
Los Angeles R,2025-10-26 04:00:00,0.82,32,82.0
Los Angeles R,2025-10-27 04:00:00,0.94,29,94.0
Los Angeles R,2025-10-29 04:00:00,0.93,5,93.0
Los Angeles R,2025-10-30 04:00:00,0.91,50,91.0
Kansas City,2025-07-11 04:00:00,0.78,25,78.0
Kansas City,2025-08-01 04:00:00,0.76,19,76.0
Kansas City,2025-08-03 04:00:00,0.8,10,80.0
Kansas City,2025-08-06 04:00:00,0.8,1,80.0
Kansas City,2025-08-09 04:00:00,0.89,21,89.0
Kansas City,2025-08-10 04:00:00,0.76,236,76.0
Kansas City,2025-08-11 04:00:00,0.75,24,75.0
Kansas City,2025-08-14 04:00:00,0.78,289,78.0
Kansas City,2025-08-15 04:00:00,0.75,51,75.0
Kansas City,2025-08-16 04:00:00,0.8,1,80.0
Kansas City,2025-08-18 04:00:00,0.75,5,75.0
Kansas City,2025-08-19 04:00:00,0.76,5,76.0
Kansas City,2025-08-20 04:00:00,0.75,100,75.0
Kansas City,2025-08-26 04:00:00,0.77,25,77.0
Kansas City,2025-09-03 04:00:00,0.77,602,77.0
Kansas City,2025-09-05 04:00:00,0.78,12,78.0
Kansas City,2025-09-06 04:00:00,0.76,39,76.0
Kansas City,2025-09-07 04:00:00,0.74,2663,74.0
Kansas City,2025-09-08 04:00:00,0.6,256,60.0
Kansas City,2025-09-11 04:00:00,0.69,255,69.0
Kansas City,2025-09-12 04:00:00,0.69,359,69.0
Kansas City,2025-09-13 04:00:00,0.66,308,66.0
Kansas City,2025-09-14 04:00:00,0.7,116,70.0
Kansas City,2025-09-15 04:00:00,0.69,629,69.0
Kansas City,2025-09-16 04:00:00,0.7,2638,70.0
Kansas City,2025-09-17 04:00:00,0.66,10685,66.0
Kansas City,2025-09-18 04:00:00,0.66,11148,66.0
Kansas City,2025-09-19 04:00:00,0.66,957,66.0
Kansas City,2025-09-20 04:00:00,0.66,1023,66.0
Kansas City,2025-09-21 04:00:00,0.65,100,65.0
Kansas City,2025-09-22 04:00:00,0.69,2175,69.0
Kansas City,2025-09-23 04:00:00,0.7,205,70.0
Kansas City,2025-09-24 04:00:00,0.67,75,67.0
Kansas City,2025-09-25 04:00:00,0.69,32,69.0
Kansas City,2025-09-26 04:00:00,0.66,124,66.0
Kansas City,2025-09-27 04:00:00,0.68,817,68.0
Kansas City,2025-09-28 04:00:00,0.68,31,68.0
Kansas City,2025-09-29 04:00:00,0.8,1059,80.0
Kansas City,2025-09-30 04:00:00,0.77,350,77.0
Kansas City,2025-10-01 04:00:00,0.8,115,80.0
Kansas City,2025-10-02 04:00:00,0.8,71,80.0
Kansas City,2025-10-03 04:00:00,0.81,20,81.0
Kansas City,2025-10-04 04:00:00,0.81,17,81.0
Kansas City,2025-10-05 04:00:00,0.81,129,81.0
Kansas City,2025-10-06 04:00:00,0.81,75,81.0
Kansas City,2025-10-07 04:00:00,0.74,207,74.0
Kansas City,2025-10-08 04:00:00,0.61,334,61.0
Kansas City,2025-10-09 04:00:00,0.67,147,67.0
Kansas City,2025-10-10 04:00:00,0.7,17,70.0
Kansas City,2025-10-11 04:00:00,0.73,304,73.0
Kansas City,2025-10-12 04:00:00,0.7,418,70.0
Kansas City,2025-10-13 04:00:00,0.82,1076,82.0
Kansas City,2025-10-14 04:00:00,0.82,553,82.0
Kansas City,2025-10-15 04:00:00,0.78,167,78.0
Kansas City,2025-10-16 04:00:00,0.86,10,86.0
Kansas City,2025-10-17 04:00:00,0.86,39,86.0
Kansas City,2025-10-19 04:00:00,0.85,33,85.0
Kansas City,2025-10-20 04:00:00,0.94,177,94.0
Kansas City,2025-10-21 04:00:00,0.94,12,94.0
Kansas City,2025-10-22 04:00:00,0.86,2,86.0
Kansas City,2025-10-23 04:00:00,0.87,60,87.0
Kansas City,2025-10-24 04:00:00,0.92,37,92.0
Kansas City,2025-10-25 04:00:00,0.86,76,86.0
Kansas City,2025-10-26 04:00:00,0.87,115,87.0
Kansas City,2025-10-27 04:00:00,0.95,158,95.0
Kansas City,2025-10-28 04:00:00,0.82,213,82.0
Kansas City,2025-10-29 04:00:00,0.88,1867,88.0
Kansas City,2025-10-30 04:00:00,0.94,80,94.0
Jacksonville,2025-07-11 04:00:00,0.35,10,35.0
Jacksonville,2025-07-12 04:00:00,0.37,838,37.0
Jacksonville,2025-07-14 04:00:00,0.36,10,36.0
Jacksonville,2025-07-15 04:00:00,0.36,1,36.0
Jacksonville,2025-07-17 04:00:00,0.36,899,36.0
Jacksonville,2025-07-19 04:00:00,0.37,946,37.0
Jacksonville,2025-07-21 04:00:00,0.37,25,37.0
Jacksonville,2025-07-22 04:00:00,0.37,493,37.0
Jacksonville,2025-07-25 04:00:00,0.38,29,38.0
Jacksonville,2025-07-26 04:00:00,0.37,797,37.0
Jacksonville,2025-07-29 04:00:00,0.38,60,38.0
Jacksonville,2025-08-02 04:00:00,0.38,10,38.0
Jacksonville,2025-08-04 04:00:00,0.37,10,37.0
Jacksonville,2025-08-05 04:00:00,0.39,1414,39.0
Jacksonville,2025-08-09 04:00:00,0.54,20,54.0
Jacksonville,2025-08-10 04:00:00,0.39,5,39.0
Jacksonville,2025-08-14 04:00:00,0.43,877,43.0
Jacksonville,2025-08-20 04:00:00,0.36,573,36.0
Jacksonville,2025-08-22 04:00:00,0.36,1040,36.0
Jacksonville,2025-08-24 04:00:00,0.37,20,37.0
Jacksonville,2025-08-25 04:00:00,0.37,308,37.0
Jacksonville,2025-08-27 04:00:00,0.36,1015,36.0
Jacksonville,2025-08-28 04:00:00,0.36,3987,36.0
Jacksonville,2025-08-31 04:00:00,0.37,50,37.0
Jacksonville,2025-09-02 04:00:00,0.38,1,38.0
Jacksonville,2025-09-03 04:00:00,0.38,50,38.0
Jacksonville,2025-09-04 04:00:00,0.38,10,38.0
Jacksonville,2025-09-05 04:00:00,0.39,54,39.0
Jacksonville,2025-09-08 04:00:00,0.3,3180,30.0
Jacksonville,2025-09-10 04:00:00,0.43,66,43.0
Jacksonville,2025-09-12 04:00:00,0.47,17139,47.0
Jacksonville,2025-09-13 04:00:00,0.42,3500,42.0
Jacksonville,2025-09-14 04:00:00,0.47,1,47.0
Jacksonville,2025-09-16 04:00:00,0.31,7,31.0
Jacksonville,2025-09-18 04:00:00,0.48,1030,48.0
Jacksonville,2025-09-19 04:00:00,0.48,17,48.0
Jacksonville,2025-09-20 04:00:00,0.48,12,48.0
Jacksonville,2025-09-21 04:00:00,0.43,50,43.0
Jacksonville,2025-09-22 04:00:00,0.54,1120,54.0
Jacksonville,2025-09-23 04:00:00,0.55,242,55.00000000000000
Jacksonville,2025-09-24 04:00:00,0.52,24,52.0
Jacksonville,2025-09-25 04:00:00,0.52,149,52.0
Jacksonville,2025-09-26 04:00:00,0.52,15,52.0
Jacksonville,2025-09-27 04:00:00,0.53,75,53.0
Jacksonville,2025-09-28 04:00:00,0.53,20,53.0
Jacksonville,2025-09-29 04:00:00,0.59,11,59.0
Jacksonville,2025-09-30 04:00:00,0.6,37,60.0
Jacksonville,2025-10-01 04:00:00,0.64,61,64.0
Jacksonville,2025-10-02 04:00:00,0.64,5,64.0
Jacksonville,2025-10-03 04:00:00,0.63,10,63.0
Jacksonville,2025-10-05 04:00:00,0.63,16,63.0
Jacksonville,2025-10-06 04:00:00,0.49,2,49.0
Jacksonville,2025-10-07 04:00:00,0.65,209,65.0
Jacksonville,2025-10-08 04:00:00,0.69,1248,69.0
Jacksonville,2025-10-09 04:00:00,0.7,17,70.0
Jacksonville,2025-10-10 04:00:00,0.72,202,72.0
Jacksonville,2025-10-11 04:00:00,0.79,1,79.0
Jacksonville,2025-10-12 04:00:00,0.73,23,73.0
Jacksonville,2025-10-13 04:00:00,0.72,8036,72.0
Jacksonville,2025-10-14 04:00:00,0.64,6436,64.0
Jacksonville,2025-10-15 04:00:00,0.66,156,66.0
Jacksonville,2025-10-16 04:00:00,0.64,558,64.0
Jacksonville,2025-10-17 04:00:00,0.62,350,62.0
Jacksonville,2025-10-18 04:00:00,0.59,32,59.0
Jacksonville,2025-10-19 04:00:00,0.63,2550,63.0
Jacksonville,2025-10-22 04:00:00,0.59,3698,59.0
Jacksonville,2025-10-23 04:00:00,0.55,198,55.00000000000000
Jacksonville,2025-10-24 04:00:00,0.55,29,55.00000000000000
Jacksonville,2025-10-25 04:00:00,0.58,23,58.00000000000000
Jacksonville,2025-10-26 04:00:00,0.58,293,58.00000000000000
Jacksonville,2025-10-27 04:00:00,0.54,411,54.0
Jacksonville,2025-10-28 04:00:00,0.56,14,56.00000000000000
Jacksonville,2025-10-29 04:00:00,0.47,8,47.0
Jacksonville,2025-10-30 04:00:00,0.46,116,46.0
Indianapolis,2025-07-30 04:00:00,0.3,1,30.0
Indianapolis,2025-08-01 04:00:00,0.32,7,32.0
Indianapolis,2025-08-09 04:00:00,0.32,10,32.0
Indianapolis,2025-08-14 04:00:00,0.31,1319,31.0
Indianapolis,2025-08-19 04:00:00,0.3,20,30.0
Indianapolis,2025-08-20 04:00:00,0.33,35,33.0
Indianapolis,2025-08-22 04:00:00,0.31,35,31.0
Indianapolis,2025-08-25 04:00:00,0.3,500,30.0
Indianapolis,2025-08-26 04:00:00,0.32,300,32.0
Indianapolis,2025-08-27 04:00:00,0.31,7,31.0
Indianapolis,2025-09-04 04:00:00,0.31,170,31.0
Indianapolis,2025-09-05 04:00:00,0.31,114,31.0
Indianapolis,2025-09-08 04:00:00,0.32,15,32.0
Indianapolis,2025-09-09 04:00:00,0.4,4631,40.0
Indianapolis,2025-09-10 04:00:00,0.42,6,42.0
Indianapolis,2025-09-11 04:00:00,0.4,5,40.0
Indianapolis,2025-09-12 04:00:00,0.4,290,40.0
Indianapolis,2025-09-13 04:00:00,0.41,6505,41.0
Indianapolis,2025-09-14 04:00:00,0.41,484,41.0
Indianapolis,2025-09-15 04:00:00,0.61,49,61.0
Indianapolis,2025-09-16 04:00:00,0.55,499,55.00000000000000
Indianapolis,2025-09-17 04:00:00,0.6,650,60.0
Indianapolis,2025-09-18 04:00:00,0.6,401,60.0
Indianapolis,2025-09-19 04:00:00,0.6,234,60.0
Indianapolis,2025-09-20 04:00:00,0.62,258,62.0
Indianapolis,2025-09-21 04:00:00,0.63,772,63.0
Indianapolis,2025-09-22 04:00:00,0.76,3026,76.0
Indianapolis,2025-09-23 04:00:00,0.76,3116,76.0
Indianapolis,2025-09-24 04:00:00,0.76,2408,76.0
Indianapolis,2025-09-25 04:00:00,0.76,444,76.0
Indianapolis,2025-09-26 04:00:00,0.8,369,80.0
Indianapolis,2025-09-27 04:00:00,0.78,5,78.0
Indianapolis,2025-09-28 04:00:00,0.78,961,78.0
Indianapolis,2025-09-29 04:00:00,0.75,229,75.0
Indianapolis,2025-09-30 04:00:00,0.74,35,74.0
Indianapolis,2025-10-01 04:00:00,0.73,37,73.0
Indianapolis,2025-10-02 04:00:00,0.71,182,71.0
Indianapolis,2025-10-03 04:00:00,0.71,54,71.0
Indianapolis,2025-10-04 04:00:00,0.75,131,75.0
Indianapolis,2025-10-05 04:00:00,0.71,12,71.0
Indianapolis,2025-10-06 04:00:00,0.89,13,89.0
Indianapolis,2025-10-07 04:00:00,0.89,1,89.0
Indianapolis,2025-10-08 04:00:00,0.8,112,80.0
Indianapolis,2025-10-09 04:00:00,0.87,12,87.0
Indianapolis,2025-10-10 04:00:00,0.86,13,86.0
Indianapolis,2025-10-11 04:00:00,0.82,31,82.0
Indianapolis,2025-10-12 04:00:00,0.75,131,75.0
Indianapolis,2025-10-13 04:00:00,0.82,8,82.0
Indianapolis,2025-10-14 04:00:00,0.93,21,93.0
Indianapolis,2025-10-15 04:00:00,0.79,211,79.0
Indianapolis,2025-10-16 04:00:00,0.9,70,90.0
Indianapolis,2025-10-17 04:00:00,0.9,45,90.0
Indianapolis,2025-10-19 04:00:00,0.81,15,81.0
Indianapolis,2025-10-20 04:00:00,0.9,34,90.0
Indianapolis,2025-10-21 04:00:00,0.93,3,93.0
Indianapolis,2025-10-22 04:00:00,0.93,62,93.0
Indianapolis,2025-10-24 04:00:00,0.94,1,94.0
Indianapolis,2025-10-25 04:00:00,0.94,1,94.0
Indianapolis,2025-10-26 04:00:00,0.94,50,94.0
Indianapolis,2025-10-27 04:00:00,0.94,21,94.0
Indianapolis,2025-10-28 04:00:00,0.97,20,97.0
Indianapolis,2025-10-29 04:00:00,0.9,1,90.0
Indianapolis,2025-10-30 04:00:00,0.97,30,97.0
Houston,2025-07-11 04:00:00,0.56,140,56.00000000000000
Houston,2025-07-12 04:00:00,0.51,1227,51.0
Houston,2025-07-14 04:00:00,0.58,862,58.00000000000000
Houston,2025-07-20 04:00:00,0.56,5,56.00000000000000
Houston,2025-07-21 04:00:00,0.56,6,56.00000000000000
Houston,2025-07-22 04:00:00,0.56,489,56.00000000000000
Houston,2025-07-25 04:00:00,0.93,3809,93.0
Houston,2025-07-26 04:00:00,0.56,505,56.00000000000000
Houston,2025-07-29 04:00:00,0.58,25,58.00000000000000
Houston,2025-08-02 04:00:00,0.58,10,58.00000000000000
Houston,2025-08-05 04:00:00,0.58,1,58.00000000000000
Houston,2025-08-06 04:00:00,0.57,52,57.00000000000000
Houston,2025-08-10 04:00:00,0.55,1371,55.00000000000000
Houston,2025-08-13 04:00:00,0.55,1250,55.00000000000000
Houston,2025-08-14 04:00:00,0.56,376,56.00000000000000
Houston,2025-08-17 04:00:00,0.56,86,56.00000000000000
Houston,2025-08-18 04:00:00,0.54,5,54.0
Houston,2025-08-19 04:00:00,0.55,46,55.00000000000000
Houston,2025-08-20 04:00:00,0.56,18,56.00000000000000
Houston,2025-08-21 04:00:00,0.56,1041,56.00000000000000
Houston,2025-08-22 04:00:00,0.58,5377,58.00000000000000
Houston,2025-08-23 04:00:00,0.59,13,59.0
Houston,2025-08-26 04:00:00,0.59,10,59.0
Houston,2025-08-27 04:00:00,0.58,18,58.00000000000000
Houston,2025-08-28 04:00:00,0.58,75,58.00000000000000
Houston,2025-08-29 04:00:00,0.58,8,58.00000000000000
Houston,2025-09-02 04:00:00,0.58,1,58.00000000000000
Houston,2025-09-03 04:00:00,0.58,1,58.00000000000000
Houston,2025-09-04 04:00:00,0.58,357,58.00000000000000
Houston,2025-09-05 04:00:00,0.58,16,58.00000000000000
Houston,2025-09-07 04:00:00,0.58,167,58.00000000000000
Houston,2025-09-08 04:00:00,0.58,2521,58.00000000000000
Houston,2025-09-12 04:00:00,0.49,173,49.0
Houston,2025-09-13 04:00:00,0.48,34,48.0
Houston,2025-09-14 04:00:00,0.48,6,48.0
Houston,2025-09-15 04:00:00,0.58,2,58.00000000000000
Houston,2025-09-17 04:00:00,0.46,63,46.0
Houston,2025-09-18 04:00:00,0.39,1279,39.0
Houston,2025-09-19 04:00:00,0.4,136,40.0
Houston,2025-09-20 04:00:00,0.35,268,35.0
Houston,2025-09-21 04:00:00,0.36,40,36.0
Houston,2025-09-22 04:00:00,0.22,11697,22.0
Houston,2025-09-23 04:00:00,0.25,10205,25.0
Houston,2025-09-24 04:00:00,0.24,1062,24.0
Houston,2025-09-25 04:00:00,0.24,884,24.0
Houston,2025-09-26 04:00:00,0.22,250,22.0
Houston,2025-09-27 04:00:00,0.22,385,22.0
Houston,2025-09-29 04:00:00,0.26,36,26.0
Houston,2025-09-30 04:00:00,0.27,4313,27.0
Houston,2025-10-01 04:00:00,0.26,48,26.0
Houston,2025-10-02 04:00:00,0.34,8808,34.0
Houston,2025-10-03 04:00:00,0.33,10632,33.0
Houston,2025-10-04 04:00:00,0.31,429,31.0
Houston,2025-10-05 04:00:00,0.36,100,36.0
Houston,2025-10-06 04:00:00,0.54,434,54.0
Houston,2025-10-07 04:00:00,0.48,392,48.0
Houston,2025-10-08 04:00:00,0.4,248,40.0
Houston,2025-10-09 04:00:00,0.34,29,34.0
Houston,2025-10-10 04:00:00,0.33,5906,33.0
Houston,2025-10-11 04:00:00,0.4,247,40.0
Houston,2025-10-12 04:00:00,0.34,8,34.0
Houston,2025-10-13 04:00:00,0.21,17,21.0
Houston,2025-10-14 04:00:00,0.27,503,27.0
Houston,2025-10-15 04:00:00,0.32,47,32.0
Houston,2025-10-16 04:00:00,0.36,389,36.0
Houston,2025-10-17 04:00:00,0.29,1006,29.000000000000000
Houston,2025-10-18 04:00:00,0.37,5,37.0
Houston,2025-10-19 04:00:00,0.31,220,31.0
Houston,2025-10-20 04:00:00,0.16,164,16.0
Houston,2025-10-21 04:00:00,0.23,27,23.0
Houston,2025-10-22 04:00:00,0.2,153,20.0
Houston,2025-10-23 04:00:00,0.22,400,22.0
Houston,2025-10-24 04:00:00,0.22,25,22.0
Houston,2025-10-25 04:00:00,0.14,18,14.000000000000000
Houston,2025-10-26 04:00:00,0.2,31,20.0
Houston,2025-10-27 04:00:00,0.48,25,48.0
Houston,2025-10-28 04:00:00,0.4,25,40.0
Houston,2025-10-29 04:00:00,0.38,10,38.0
Houston,2025-10-30 04:00:00,0.25,13,25.0
Green Bay,2025-07-13 04:00:00,0.57,2,57.00000000000000
Green Bay,2025-07-21 04:00:00,0.55,6,55.00000000000000
Green Bay,2025-07-25 04:00:00,0.55,3,55.00000000000000
Green Bay,2025-07-26 04:00:00,0.56,61,56.00000000000000
Green Bay,2025-07-28 04:00:00,0.56,1,56.00000000000000
Green Bay,2025-07-29 04:00:00,0.55,5,55.00000000000000
Green Bay,2025-07-31 04:00:00,0.56,86,56.00000000000000
Green Bay,2025-08-04 04:00:00,0.55,1,55.00000000000000
Green Bay,2025-08-10 04:00:00,0.55,2639,55.00000000000000
Green Bay,2025-08-14 04:00:00,0.57,315,57.00000000000000
Green Bay,2025-08-17 04:00:00,0.53,20,53.0
Green Bay,2025-08-18 04:00:00,0.53,10,53.0
Green Bay,2025-08-22 04:00:00,0.53,37,53.0
Green Bay,2025-08-25 04:00:00,0.54,4969,54.0
Green Bay,2025-08-26 04:00:00,0.54,27119,54.0
Green Bay,2025-08-27 04:00:00,0.54,10,54.0
Green Bay,2025-08-28 04:00:00,0.56,1,56.00000000000000
Green Bay,2025-08-29 04:00:00,0.65,8402,65.0
Green Bay,2025-08-30 04:00:00,0.62,2953,62.0
Green Bay,2025-08-31 04:00:00,0.64,21,64.0
Green Bay,2025-09-02 04:00:00,0.62,1,62.0
Green Bay,2025-09-04 04:00:00,0.64,2000,64.0
Green Bay,2025-09-05 04:00:00,0.62,127,62.0
Green Bay,2025-09-07 04:00:00,0.64,1592,64.0
Green Bay,2025-09-08 04:00:00,0.62,25,62.0
Green Bay,2025-09-09 04:00:00,0.7,800,70.0
Green Bay,2025-09-10 04:00:00,0.7,5,70.0
Green Bay,2025-09-12 04:00:00,0.87,453,87.0
Green Bay,2025-09-13 04:00:00,0.86,7616,86.0
Green Bay,2025-09-14 04:00:00,0.85,1202,85.0
Green Bay,2025-09-15 04:00:00,0.95,4,95.0
Green Bay,2025-09-16 04:00:00,0.89,3282,89.0
Green Bay,2025-09-17 04:00:00,0.89,145,89.0
Green Bay,2025-09-18 04:00:00,0.89,34,89.0
Green Bay,2025-09-19 04:00:00,0.87,1729,87.0
Green Bay,2025-09-20 04:00:00,0.86,1035,86.0
Green Bay,2025-09-21 04:00:00,0.88,20,88.0
Green Bay,2025-09-22 04:00:00,0.83,22306,83.0
Green Bay,2025-09-23 04:00:00,0.82,213,82.0
Green Bay,2025-09-24 04:00:00,0.82,8,82.0
Green Bay,2025-09-25 04:00:00,0.82,50,82.0
Green Bay,2025-09-26 04:00:00,0.85,222,85.0
Green Bay,2025-09-27 04:00:00,0.81,2663,81.0
Green Bay,2025-09-28 04:00:00,0.81,172,81.0
Green Bay,2025-09-29 04:00:00,0.78,127,78.0
Green Bay,2025-09-30 04:00:00,0.78,5228,78.0
Green Bay,2025-10-01 04:00:00,0.78,631,78.0
Green Bay,2025-10-02 04:00:00,0.78,128,78.0
Green Bay,2025-10-03 04:00:00,0.76,13,76.0
Green Bay,2025-10-04 04:00:00,0.79,1100,79.0
Green Bay,2025-10-05 04:00:00,0.76,100,76.0
Green Bay,2025-10-06 04:00:00,0.72,1000,72.0
Green Bay,2025-10-08 04:00:00,0.86,11,86.0
Green Bay,2025-10-10 04:00:00,0.85,25,85.0
Green Bay,2025-10-11 04:00:00,0.88,108,88.0
Green Bay,2025-10-12 04:00:00,0.75,762,75.0
Green Bay,2025-10-13 04:00:00,0.9,12,90.0
Green Bay,2025-10-14 04:00:00,0.87,10,87.0
Green Bay,2025-10-15 04:00:00,0.87,1,87.0
Green Bay,2025-10-16 04:00:00,0.83,5,83.0
Green Bay,2025-10-17 04:00:00,0.83,197,83.0
Green Bay,2025-10-19 04:00:00,0.85,2,85.0
Green Bay,2025-10-20 04:00:00,0.86,331,86.0
Green Bay,2025-10-21 04:00:00,0.86,19,86.0
Green Bay,2025-10-22 04:00:00,0.8,9,80.0
Green Bay,2025-10-25 04:00:00,0.82,140,82.0
Green Bay,2025-10-28 04:00:00,0.95,99,95.0
Green Bay,2025-10-29 04:00:00,0.97,110,97.0
Green Bay,2025-10-30 04:00:00,0.9,294,90.0
Detroit,2025-07-12 04:00:00,0.64,508,64.0
Detroit,2025-07-14 04:00:00,0.64,42,64.0
Detroit,2025-07-15 04:00:00,0.64,1,64.0
Detroit,2025-07-17 04:00:00,0.64,56,64.0
Detroit,2025-07-22 04:00:00,0.64,2,64.0
Detroit,2025-07-25 04:00:00,0.97,2538,97.0
Detroit,2025-07-29 04:00:00,0.64,25,64.0
Detroit,2025-07-31 04:00:00,0.7,128,70.0
Detroit,2025-08-04 04:00:00,0.69,1,69.0
Detroit,2025-08-10 04:00:00,0.6,1321,60.0
Detroit,2025-08-11 04:00:00,0.62,10,62.0
Detroit,2025-08-12 04:00:00,0.62,63,62.0
Detroit,2025-08-14 04:00:00,0.65,4445,65.0
Detroit,2025-08-15 04:00:00,0.65,90,65.0
Detroit,2025-08-16 04:00:00,0.66,1,66.0
Detroit,2025-08-17 04:00:00,0.61,100,61.0
Detroit,2025-08-18 04:00:00,0.6,47,60.0
Detroit,2025-08-20 04:00:00,0.62,150,62.0
Detroit,2025-08-22 04:00:00,0.62,25,62.0
Detroit,2025-08-24 04:00:00,0.62,260,62.0
Detroit,2025-08-25 04:00:00,0.64,202,64.0
Detroit,2025-08-26 04:00:00,0.63,800,63.0
Detroit,2025-08-27 04:00:00,0.61,1350,61.0
Detroit,2025-08-28 04:00:00,0.61,953,61.0
Detroit,2025-08-29 04:00:00,0.61,200,61.0
Detroit,2025-08-30 04:00:00,0.62,3650,62.0
Detroit,2025-08-31 04:00:00,0.61,49,61.0
Detroit,2025-09-02 04:00:00,0.61,1,61.0
Detroit,2025-09-03 04:00:00,0.61,8,61.0
Detroit,2025-09-05 04:00:00,0.62,15,62.0
Detroit,2025-09-06 04:00:00,0.61,84,61.0
Detroit,2025-09-07 04:00:00,0.61,98,61.0
Detroit,2025-09-08 04:00:00,0.52,310,52.0
Detroit,2025-09-09 04:00:00,0.54,29,54.0
Detroit,2025-09-10 04:00:00,0.5,147,50.0
Detroit,2025-09-12 04:00:00,0.49,8474,49.0
Detroit,2025-09-13 04:00:00,0.5,649,50.0
Detroit,2025-09-14 04:00:00,0.5,19,50.0
Detroit,2025-09-15 04:00:00,0.65,2444,65.0
Detroit,2025-09-16 04:00:00,0.64,1380,64.0
Detroit,2025-09-17 04:00:00,0.61,2229,61.0
Detroit,2025-09-18 04:00:00,0.59,1376,59.0
Detroit,2025-09-19 04:00:00,0.58,2119,58.00000000000000
Detroit,2025-09-20 04:00:00,0.59,214,59.0
Detroit,2025-09-21 04:00:00,0.59,2445,59.0
Detroit,2025-09-22 04:00:00,0.6,915,60.0
Detroit,2025-09-23 04:00:00,0.72,14701,72.0
Detroit,2025-09-24 04:00:00,0.72,6074,72.0
Detroit,2025-09-25 04:00:00,0.72,391,72.0
Detroit,2025-09-26 04:00:00,0.72,50,72.0
Detroit,2025-09-27 04:00:00,0.72,7,72.0
Detroit,2025-09-28 04:00:00,0.72,201,72.0
Detroit,2025-09-29 04:00:00,0.72,3315,72.0
Detroit,2025-09-30 04:00:00,0.8,1146,80.0
Detroit,2025-10-01 04:00:00,0.79,438,79.0
Detroit,2025-10-02 04:00:00,0.8,117,80.0
Detroit,2025-10-03 04:00:00,0.8,3849,80.0
Detroit,2025-10-04 04:00:00,0.82,50,82.0
Detroit,2025-10-05 04:00:00,0.82,152,82.0
Detroit,2025-10-06 04:00:00,0.69,120,69.0
Detroit,2025-10-07 04:00:00,0.86,29,86.0
Detroit,2025-10-08 04:00:00,0.83,1468,83.0
Detroit,2025-10-09 04:00:00,0.82,1551,82.0
Detroit,2025-10-10 04:00:00,0.84,11,84.0
Detroit,2025-10-11 04:00:00,0.9,202,90.0
Detroit,2025-10-12 04:00:00,0.77,156,77.0
Detroit,2025-10-13 04:00:00,0.87,1437,87.0
Detroit,2025-10-14 04:00:00,0.84,560,84.0
Detroit,2025-10-15 04:00:00,0.84,97,84.0
Detroit,2025-10-16 04:00:00,0.81,982,81.0
Detroit,2025-10-17 04:00:00,0.83,25,83.0
Detroit,2025-10-19 04:00:00,0.8,5,80.0
Detroit,2025-10-20 04:00:00,0.88,2405,88.0
Detroit,2025-10-21 04:00:00,0.89,10,89.0
Detroit,2025-10-22 04:00:00,0.84,200,84.0
Detroit,2025-10-23 04:00:00,0.82,87,82.0
Detroit,2025-10-24 04:00:00,0.88,217,88.0
Detroit,2025-10-25 04:00:00,0.84,21,84.0
Detroit,2025-10-26 04:00:00,0.84,50,84.0
Detroit,2025-10-27 04:00:00,0.94,6,94.0
Detroit,2025-10-29 04:00:00,0.86,363,86.0
Detroit,2025-10-30 04:00:00,0.93,50,93.0
Denver,2025-07-11 04:00:00,0.53,20,53.0
Denver,2025-07-12 04:00:00,0.54,1249,54.0
Denver,2025-07-14 04:00:00,0.54,992,54.0
Denver,2025-07-17 04:00:00,0.51,521,51.0
Denver,2025-07-19 04:00:00,0.53,2000,53.0
Denver,2025-07-20 04:00:00,0.53,9,53.0
Denver,2025-07-21 04:00:00,0.5,8,50.0
Denver,2025-07-22 04:00:00,0.55,531,55.00000000000000
Denver,2025-07-24 04:00:00,0.51,5,51.0
Denver,2025-07-25 04:00:00,0.52,1308,52.0
Denver,2025-07-29 04:00:00,0.51,37,51.0
Denver,2025-08-01 04:00:00,0.52,27,52.0
Denver,2025-08-02 04:00:00,0.52,194,52.0
Denver,2025-08-04 04:00:00,0.52,744,52.0
Denver,2025-08-06 04:00:00,0.51,97,51.0
Denver,2025-08-07 04:00:00,0.54,20,54.0
Denver,2025-08-09 04:00:00,0.54,158,54.0
Denver,2025-08-10 04:00:00,0.54,631,54.0
Denver,2025-08-12 04:00:00,0.54,29,54.0
Denver,2025-08-13 04:00:00,0.53,66,53.0
Denver,2025-08-14 04:00:00,0.53,25,53.0
Denver,2025-08-17 04:00:00,0.5,12,50.0
Denver,2025-08-18 04:00:00,0.53,182,53.0
Denver,2025-08-19 04:00:00,0.51,22,51.0
Denver,2025-08-20 04:00:00,0.53,315,53.0
Denver,2025-08-21 04:00:00,0.53,36,53.0
Denver,2025-08-22 04:00:00,0.52,2293,52.0
Denver,2025-08-23 04:00:00,0.53,73,53.0
Denver,2025-08-24 04:00:00,0.52,28,52.0
Denver,2025-08-25 04:00:00,0.53,630,53.0
Denver,2025-08-26 04:00:00,0.56,501,56.00000000000000
Denver,2025-08-27 04:00:00,0.56,20,56.00000000000000
Denver,2025-08-28 04:00:00,0.55,5199,55.00000000000000
Denver,2025-08-29 04:00:00,0.53,541,53.0
Denver,2025-08-30 04:00:00,0.53,50,53.0
Denver,2025-09-02 04:00:00,0.54,1805,54.0
Denver,2025-09-03 04:00:00,0.54,20,54.0
Denver,2025-09-04 04:00:00,0.54,17,54.0
Denver,2025-09-05 04:00:00,0.54,151,54.0
Denver,2025-09-06 04:00:00,0.54,20,54.0
Denver,2025-09-07 04:00:00,0.54,35,54.0
Denver,2025-09-08 04:00:00,0.55,2466,55.00000000000000
Denver,2025-09-09 04:00:00,0.54,680,54.0
Denver,2025-09-10 04:00:00,0.67,2,67.0
Denver,2025-09-11 04:00:00,0.55,400,55.00000000000000
Denver,2025-09-12 04:00:00,0.56,236,56.00000000000000
Denver,2025-09-13 04:00:00,0.56,1854,56.00000000000000
Denver,2025-09-14 04:00:00,0.54,516,54.0
Denver,2025-09-15 04:00:00,0.45,112,45.0
Denver,2025-09-17 04:00:00,0.5,91,50.0
Denver,2025-09-18 04:00:00,0.53,68,53.0
Denver,2025-09-19 04:00:00,0.51,59,51.0
Denver,2025-09-20 04:00:00,0.5,15,50.0
Denver,2025-09-21 04:00:00,0.54,5,54.0
Denver,2025-09-22 04:00:00,0.47,1554,47.0
Denver,2025-09-24 04:00:00,0.5,186,50.0
Denver,2025-09-25 04:00:00,0.5,381,50.0
Denver,2025-09-26 04:00:00,0.49,48,49.0
Denver,2025-09-27 04:00:00,0.5,205,50.0
Denver,2025-09-28 04:00:00,0.5,14,50.0
Denver,2025-09-29 04:00:00,0.51,46,51.0
Denver,2025-09-30 04:00:00,0.54,1786,54.0
Denver,2025-10-01 04:00:00,0.51,37,51.0
Denver,2025-10-02 04:00:00,0.53,37,53.0
Denver,2025-10-03 04:00:00,0.55,1255,55.00000000000000
Denver,2025-10-04 04:00:00,0.55,8,55.00000000000000
Denver,2025-10-05 04:00:00,0.52,838,52.0
Denver,2025-10-06 04:00:00,0.72,70,72.0
Denver,2025-10-07 04:00:00,0.7,70,70.0
Denver,2025-10-08 04:00:00,0.69,41,69.0
Denver,2025-10-09 04:00:00,0.7,92,70.0
Denver,2025-10-10 04:00:00,0.66,304,66.0
Denver,2025-10-11 04:00:00,0.73,210,73.0
Denver,2025-10-12 04:00:00,0.7,5,70.0
Denver,2025-10-13 04:00:00,0.7,922,70.0
Denver,2025-10-14 04:00:00,0.73,3771,73.0
Denver,2025-10-15 04:00:00,0.71,239,71.0
Denver,2025-10-17 04:00:00,0.72,2,72.0
Denver,2025-10-20 04:00:00,0.76,35,76.0
Denver,2025-10-21 04:00:00,0.75,121,75.0
Denver,2025-10-22 04:00:00,0.73,54,73.0
Denver,2025-10-23 04:00:00,0.67,1777,67.0
Denver,2025-10-24 04:00:00,0.75,76,75.0
Denver,2025-10-25 04:00:00,0.74,59,74.0
Denver,2025-10-27 04:00:00,0.7,25,70.0
Denver,2025-10-29 04:00:00,0.91,10,91.0
Denver,2025-10-30 04:00:00,0.9,3,90.0
Dallas,2025-07-12 04:00:00,0.36,966,36.0
Dallas,2025-07-15 04:00:00,0.36,5,36.0
Dallas,2025-07-17 04:00:00,0.36,1065,36.0
Dallas,2025-07-19 04:00:00,0.37,917,37.0
Dallas,2025-07-20 04:00:00,0.33,78,33.0
Dallas,2025-07-21 04:00:00,0.33,2,33.0
Dallas,2025-07-22 04:00:00,0.33,170,33.0
Dallas,2025-07-24 04:00:00,0.36,760,36.0
Dallas,2025-07-25 04:00:00,0.36,700,36.0
Dallas,2025-07-26 04:00:00,0.35,27,35.0
Dallas,2025-07-29 04:00:00,0.34,272,34.0
Dallas,2025-07-30 04:00:00,0.34,211,34.0
Dallas,2025-08-01 04:00:00,0.34,15,34.0
Dallas,2025-08-10 04:00:00,0.34,1500,34.0
Dallas,2025-08-11 04:00:00,0.35,10,35.0
Dallas,2025-08-12 04:00:00,0.37,246,37.0
Dallas,2025-08-14 04:00:00,0.31,4844,31.0
Dallas,2025-08-15 04:00:00,0.35,30,35.0
Dallas,2025-08-18 04:00:00,0.37,9,37.0
Dallas,2025-08-23 04:00:00,0.33,144,33.0
Dallas,2025-08-25 04:00:00,0.33,144,33.0
Dallas,2025-08-27 04:00:00,0.32,500,32.0
Dallas,2025-08-28 04:00:00,0.33,75,33.0
Dallas,2025-08-29 04:00:00,0.28,4006,28.000000000000000
Dallas,2025-09-01 04:00:00,0.27,551,27.0
Dallas,2025-09-03 04:00:00,0.27,107,27.0
Dallas,2025-09-05 04:00:00,0.27,49,27.0
Dallas,2025-09-06 04:00:00,0.27,31,27.0
Dallas,2025-09-07 04:00:00,0.27,140,27.0
Dallas,2025-09-08 04:00:00,0.29,3111,29.000000000000000
Dallas,2025-09-09 04:00:00,0.25,10,25.0
Dallas,2025-09-10 04:00:00,0.26,540,26.0
Dallas,2025-09-11 04:00:00,0.25,810,25.0
Dallas,2025-09-13 04:00:00,0.26,104,26.0
Dallas,2025-09-14 04:00:00,0.27,717,27.0
Dallas,2025-09-15 04:00:00,0.5,816,50.0
Dallas,2025-09-16 04:00:00,0.48,1260,48.0
Dallas,2025-09-17 04:00:00,0.34,1290,34.0
Dallas,2025-09-18 04:00:00,0.28,2189,28.000000000000000
Dallas,2025-09-19 04:00:00,0.25,3066,25.0
Dallas,2025-09-20 04:00:00,0.29,17,29.000000000000000
Dallas,2025-09-21 04:00:00,0.29,51,29.000000000000000
Dallas,2025-09-22 04:00:00,0.21,507,21.0
Dallas,2025-09-23 04:00:00,0.17,996,17.0
Dallas,2025-09-24 04:00:00,0.15,1984,15.0
Dallas,2025-09-25 04:00:00,0.16,454,16.0
Dallas,2025-09-26 04:00:00,0.16,634,16.0
Dallas,2025-09-27 04:00:00,0.17,121,17.0
Dallas,2025-09-28 04:00:00,0.17,879,17.0
Dallas,2025-09-29 04:00:00,0.21,12,21.0
Dallas,2025-09-30 04:00:00,0.16,2280,16.0
Dallas,2025-10-01 04:00:00,0.19,1274,19.0
Dallas,2025-10-02 04:00:00,0.18,211,18.0
Dallas,2025-10-03 04:00:00,0.22,2759,22.0
Dallas,2025-10-04 04:00:00,0.22,114,22.0
Dallas,2025-10-05 04:00:00,0.19,171,19.0
Dallas,2025-10-06 04:00:00,0.34,148,34.0
Dallas,2025-10-07 04:00:00,0.32,2121,32.0
Dallas,2025-10-08 04:00:00,0.32,1545,32.0
Dallas,2025-10-09 04:00:00,0.31,69,31.0
Dallas,2025-10-10 04:00:00,0.32,2222,32.0
Dallas,2025-10-11 04:00:00,0.32,382,32.0
Dallas,2025-10-12 04:00:00,0.24,463,24.0
Dallas,2025-10-13 04:00:00,0.05,267,5.0
Dallas,2025-10-14 04:00:00,0.08,526,8.0
Dallas,2025-10-15 04:00:00,0.19,12,19.0
Dallas,2025-10-16 04:00:00,0.23,106,23.0
Dallas,2025-10-17 04:00:00,0.24,9,24.0
Dallas,2025-10-18 04:00:00,0.3,736,30.0
Dallas,2025-10-19 04:00:00,0.13,20,13.0
Dallas,2025-10-20 04:00:00,0.47,144,47.0
Dallas,2025-10-21 04:00:00,0.28,1289,28.000000000000000
Dallas,2025-10-22 04:00:00,0.3,4278,30.0
Dallas,2025-10-23 04:00:00,0.34,1639,34.0
Dallas,2025-10-24 04:00:00,0.33,47,33.0
Dallas,2025-10-25 04:00:00,0.32,21,32.0
Dallas,2025-10-26 04:00:00,0.35,19,35.0
Dallas,2025-10-27 04:00:00,0.22,190,22.0
Dallas,2025-10-28 04:00:00,0.23,6,23.0
Dallas,2025-10-29 04:00:00,0.24,9,24.0
Dallas,2025-10-30 04:00:00,0.24,58,24.0
Cleveland,2025-07-23 04:00:00,0.09,5,9.0
Cleveland,2025-08-10 04:00:00,0.11,6,11.0
Cleveland,2025-08-15 04:00:00,0.06,2148,6.0
Cleveland,2025-08-16 04:00:00,0.07,6,7.000000000000000
Cleveland,2025-08-18 04:00:00,0.11,42,11.0
Cleveland,2025-08-22 04:00:00,0.1,47,10.0
Cleveland,2025-08-24 04:00:00,0.09,552,9.0
Cleveland,2025-08-25 04:00:00,0.09,104,9.0
Cleveland,2025-08-26 04:00:00,0.09,20,9.0
Cleveland,2025-08-27 04:00:00,0.09,52,9.0
Cleveland,2025-09-04 04:00:00,0.09,342,9.0
Cleveland,2025-09-05 04:00:00,0.09,10,9.0
Cleveland,2025-09-08 04:00:00,0.23,215,23.0
Cleveland,2025-09-13 04:00:00,0.09,70,9.0
Cleveland,2025-09-15 04:00:00,0.09,500,9.0
Cleveland,2025-09-16 04:00:00,0.14,5,14.000000000000000
Cleveland,2025-09-17 04:00:00,0.04,2,4.0
Cleveland,2025-09-18 04:00:00,0.09,20,9.0
Cleveland,2025-09-20 04:00:00,0.06,1000,6.0
Cleveland,2025-09-22 04:00:00,0.16,132,16.0
Cleveland,2025-09-23 04:00:00,0.16,23,16.0
Cleveland,2025-09-24 04:00:00,0.15,81,15.0
Cleveland,2025-09-25 04:00:00,0.12,269,12.0
Cleveland,2025-09-26 04:00:00,0.15,166,15.0
Cleveland,2025-09-29 04:00:00,0.08,72,8.0
Cleveland,2025-09-30 04:00:00,0.13,2040,13.0
Cleveland,2025-10-01 04:00:00,0.12,1120,12.0
Cleveland,2025-10-02 04:00:00,0.14,2044,14.000000000000000
Cleveland,2025-10-03 04:00:00,0.11,6,11.0
Cleveland,2025-10-04 04:00:00,0.11,27,11.0
Cleveland,2025-10-05 04:00:00,0.14,200,14.000000000000000
Cleveland,2025-10-06 04:00:00,0.02,258,2.0
Cleveland,2025-10-07 04:00:00,0.02,100,2.0
Cleveland,2025-10-08 04:00:00,0.08,160,8.0
Cleveland,2025-10-09 04:00:00,0.08,622,8.0
Cleveland,2025-10-11 04:00:00,0.06,2,6.0
Cleveland,2025-10-12 04:00:00,0.04,6,4.0
Cleveland,2025-10-13 04:00:00,0.08,148,8.0
Cleveland,2025-10-14 04:00:00,0.03,1,3.0
Cleveland,2025-10-18 04:00:00,0.03,35,3.0
Cleveland,2025-10-20 04:00:00,0.03,25,3.0
Cleveland,2025-10-22 04:00:00,0.06,31,6.0
Cleveland,2025-10-23 04:00:00,0.07,76,7.000000000000000
Cleveland,2025-10-25 04:00:00,0.03,1,3.0
Cleveland,2025-10-26 04:00:00,0.07,600,7.000000000000000
Cleveland,2025-10-27 04:00:00,0.01,852,1.0
Cleveland,2025-10-30 04:00:00,0.03,3210,3.0
Cincinnati,2025-07-25 04:00:00,0.57,88,57.00000000000000
Cincinnati,2025-07-26 04:00:00,0.57,17,57.00000000000000
Cincinnati,2025-07-29 04:00:00,0.57,42,57.00000000000000
Cincinnati,2025-08-02 04:00:00,0.56,20,56.00000000000000
Cincinnati,2025-08-09 04:00:00,0.56,350,56.00000000000000
Cincinnati,2025-08-10 04:00:00,0.55,308,55.00000000000000
Cincinnati,2025-08-14 04:00:00,0.54,2988,54.0
Cincinnati,2025-08-16 04:00:00,0.58,167,58.00000000000000
Cincinnati,2025-08-21 04:00:00,0.56,20,56.00000000000000
Cincinnati,2025-08-22 04:00:00,0.57,17,57.00000000000000
Cincinnati,2025-08-23 04:00:00,0.57,42,57.00000000000000
Cincinnati,2025-08-24 04:00:00,0.59,164,59.0
Cincinnati,2025-08-26 04:00:00,0.58,10,58.00000000000000
Cincinnati,2025-08-27 04:00:00,0.57,8,57.00000000000000
Cincinnati,2025-08-28 04:00:00,0.57,75,57.00000000000000
Cincinnati,2025-08-29 04:00:00,0.56,10,56.00000000000000
Cincinnati,2025-08-30 04:00:00,0.57,15,57.00000000000000
Cincinnati,2025-09-01 04:00:00,0.58,1,58.00000000000000
Cincinnati,2025-09-03 04:00:00,0.57,33,57.00000000000000
Cincinnati,2025-09-04 04:00:00,0.57,6165,57.00000000000000
Cincinnati,2025-09-05 04:00:00,0.58,38,58.00000000000000
Cincinnati,2025-09-08 04:00:00,0.58,16,58.00000000000000
Cincinnati,2025-09-10 04:00:00,0.53,5,53.0
Cincinnati,2025-09-15 04:00:00,0.32,734,32.0
Cincinnati,2025-09-16 04:00:00,0.3,882,30.0
Cincinnati,2025-09-17 04:00:00,0.34,1238,34.0
Cincinnati,2025-09-18 04:00:00,0.43,924,43.0
Cincinnati,2025-09-19 04:00:00,0.37,160,37.0
Cincinnati,2025-09-20 04:00:00,0.37,270,37.0
Cincinnati,2025-09-21 04:00:00,0.4,255,40.0
Cincinnati,2025-09-22 04:00:00,0.25,4030,25.0
Cincinnati,2025-09-23 04:00:00,0.28,7028,28.000000000000000
Cincinnati,2025-09-24 04:00:00,0.27,32,27.0
Cincinnati,2025-09-25 04:00:00,0.28,387,28.000000000000000
Cincinnati,2025-09-26 04:00:00,0.27,1041,27.0
Cincinnati,2025-09-27 04:00:00,0.24,388,24.0
Cincinnati,2025-09-28 04:00:00,0.22,326,22.0
Cincinnati,2025-09-29 04:00:00,0.2,20,20.0
Cincinnati,2025-09-30 04:00:00,0.18,2475,18.0
Cincinnati,2025-10-01 04:00:00,0.13,3711,13.0
Cincinnati,2025-10-02 04:00:00,0.12,789,12.0
Cincinnati,2025-10-03 04:00:00,0.17,1666,17.0
Cincinnati,2025-10-04 04:00:00,0.11,252,11.0
Cincinnati,2025-10-05 04:00:00,0.11,1058,11.0
Cincinnati,2025-10-07 04:00:00,0.09,910,9.0
Cincinnati,2025-10-08 04:00:00,0.17,1431,17.0
Cincinnati,2025-10-09 04:00:00,0.17,79,17.0
Cincinnati,2025-10-10 04:00:00,0.17,1000,17.0
Cincinnati,2025-10-11 04:00:00,0.17,5,17.0
Cincinnati,2025-10-12 04:00:00,0.18,89,18.0
Cincinnati,2025-10-14 04:00:00,0.06,1029,6.0
Cincinnati,2025-10-15 04:00:00,0.15,224,15.0
Cincinnati,2025-10-16 04:00:00,0.14,45,14.000000000000000
Cincinnati,2025-10-17 04:00:00,0.31,219,31.0
Cincinnati,2025-10-18 04:00:00,0.22,263,22.0
Cincinnati,2025-10-19 04:00:00,0.21,5,21.0
Cincinnati,2025-10-20 04:00:00,0.27,137,27.0
Cincinnati,2025-10-21 04:00:00,0.35,62,35.0
Cincinnati,2025-10-22 04:00:00,0.2,1081,20.0
Cincinnati,2025-10-23 04:00:00,0.3,33,30.0
Cincinnati,2025-10-24 04:00:00,0.24,33,24.0
Cincinnati,2025-10-25 04:00:00,0.29,603,29.000000000000000
Cincinnati,2025-10-26 04:00:00,0.28,34,28.000000000000000
Cincinnati,2025-10-27 04:00:00,0.04,2631,4.0
Cincinnati,2025-10-28 04:00:00,0.08,54,8.0
Cincinnati,2025-10-29 04:00:00,0.18,514,18.0
Cincinnati,2025-10-30 04:00:00,0.1,2020,10.0
Chicago,2025-07-13 04:00:00,0.33,5,33.0
Chicago,2025-07-22 04:00:00,0.37,555,37.0
Chicago,2025-07-24 04:00:00,0.38,1760,38.0
Chicago,2025-07-29 04:00:00,0.37,2510,37.0
Chicago,2025-07-30 04:00:00,0.38,35,38.0
Chicago,2025-08-04 04:00:00,0.38,12,38.0
Chicago,2025-08-10 04:00:00,0.37,600,37.0
Chicago,2025-08-14 04:00:00,0.37,1106,37.0
Chicago,2025-08-15 04:00:00,0.33,2239,33.0
Chicago,2025-08-16 04:00:00,0.37,5,37.0
Chicago,2025-08-18 04:00:00,0.37,51,37.0
Chicago,2025-08-20 04:00:00,0.35,704,35.0
Chicago,2025-08-22 04:00:00,0.33,41,33.0
Chicago,2025-08-23 04:00:00,0.35,78,35.0
Chicago,2025-08-25 04:00:00,0.35,68,35.0
Chicago,2025-08-26 04:00:00,0.35,5,35.0
Chicago,2025-08-27 04:00:00,0.33,9,33.0
Chicago,2025-08-28 04:00:00,0.34,1008,34.0
Chicago,2025-08-29 04:00:00,0.33,2452,33.0
Chicago,2025-09-03 04:00:00,0.33,155,33.0
Chicago,2025-09-04 04:00:00,0.32,71,32.0
Chicago,2025-09-05 04:00:00,0.32,15,32.0
Chicago,2025-09-07 04:00:00,0.33,869,33.0
Chicago,2025-09-08 04:00:00,0.39,2076,39.0
Chicago,2025-09-14 04:00:00,0.21,10,21.0
Chicago,2025-09-16 04:00:00,0.07,120,7.000000000000000
Chicago,2025-09-17 04:00:00,0.06,5,6.0
Chicago,2025-09-18 04:00:00,0.09,10,9.0
Chicago,2025-09-19 04:00:00,0.13,437,13.0
Chicago,2025-09-20 04:00:00,0.1,1011,10.0
Chicago,2025-09-21 04:00:00,0.09,35,9.0
Chicago,2025-09-22 04:00:00,0.14,1007,14.000000000000000
Chicago,2025-09-23 04:00:00,0.16,120,16.0
Chicago,2025-09-24 04:00:00,0.17,203,17.0
Chicago,2025-09-25 04:00:00,0.17,25,17.0
Chicago,2025-09-26 04:00:00,0.14,428,14.000000000000000
Chicago,2025-09-27 04:00:00,0.14,5,14.000000000000000
Chicago,2025-09-28 04:00:00,0.17,103,17.0
Chicago,2025-09-29 04:00:00,0.22,175,22.0
Chicago,2025-09-30 04:00:00,0.18,1037,18.0
Chicago,2025-10-02 04:00:00,0.2,10,20.0
Chicago,2025-10-03 04:00:00,0.22,855,22.0
Chicago,2025-10-04 04:00:00,0.24,1022,24.0
Chicago,2025-10-05 04:00:00,0.2,1661,20.0
Chicago,2025-10-06 04:00:00,0.29,33,29.000000000000000
Chicago,2025-10-08 04:00:00,0.24,63,24.0
Chicago,2025-10-09 04:00:00,0.24,62,24.0
Chicago,2025-10-10 04:00:00,0.24,79,24.0
Chicago,2025-10-11 04:00:00,0.27,53,27.0
Chicago,2025-10-12 04:00:00,0.27,97,27.0
Chicago,2025-10-14 04:00:00,0.34,911,34.0
Chicago,2025-10-15 04:00:00,0.13,46,13.0
Chicago,2025-10-16 04:00:00,0.3,45,30.0
Chicago,2025-10-17 04:00:00,0.28,32,28.000000000000000
Chicago,2025-10-18 04:00:00,0.29,508,29.000000000000000
Chicago,2025-10-19 04:00:00,0.34,229,34.0
Chicago,2025-10-20 04:00:00,0.38,1263,38.0
Chicago,2025-10-21 04:00:00,0.34,130,34.0
Chicago,2025-10-22 04:00:00,0.3,3533,30.0
Chicago,2025-10-23 04:00:00,0.22,202,22.0
Chicago,2025-10-24 04:00:00,0.23,1445,23.0
Chicago,2025-10-25 04:00:00,0.31,73,31.0
Chicago,2025-10-26 04:00:00,0.35,436,35.0
Chicago,2025-10-27 04:00:00,0.23,331,23.0
Chicago,2025-10-28 04:00:00,0.21,721,21.0
Chicago,2025-10-29 04:00:00,0.21,728,21.0
Chicago,2025-10-30 04:00:00,0.27,67,27.0
Carolina,2025-07-15 04:00:00,0.29,65,29.000000000000000
Carolina,2025-07-22 04:00:00,0.25,1,25.0
Carolina,2025-07-24 04:00:00,0.26,5,26.0
Carolina,2025-07-30 04:00:00,0.26,365,26.0
Carolina,2025-08-07 04:00:00,0.44,303,44.0
Carolina,2025-08-09 04:00:00,0.3,69,30.0
Carolina,2025-08-14 04:00:00,0.23,1205,23.0
Carolina,2025-08-15 04:00:00,0.29,839,29.000000000000000
Carolina,2025-08-16 04:00:00,0.29,3,29.000000000000000
Carolina,2025-08-19 04:00:00,0.23,5,23.0
Carolina,2025-08-22 04:00:00,0.24,136,24.0
Carolina,2025-08-23 04:00:00,0.26,10,26.0
Carolina,2025-08-25 04:00:00,0.27,438,27.0
Carolina,2025-08-27 04:00:00,0.28,346,28.000000000000000
Carolina,2025-08-28 04:00:00,0.28,340,28.000000000000000
Carolina,2025-08-31 04:00:00,0.27,50,27.0
Carolina,2025-09-01 04:00:00,0.27,95,27.0
Carolina,2025-09-02 04:00:00,0.26,511,26.0
Carolina,2025-09-05 04:00:00,0.27,86,27.0
Carolina,2025-09-08 04:00:00,0.4,6038,40.0
Carolina,2025-09-10 04:00:00,0.2,3005,20.0
Carolina,2025-09-12 04:00:00,0.19,643,19.0
Carolina,2025-09-13 04:00:00,0.21,9,21.0
Carolina,2025-09-16 04:00:00,0.16,5,16.0
Carolina,2025-09-18 04:00:00,0.03,10,3.0
Carolina,2025-09-19 04:00:00,0.1,24,10.0
Carolina,2025-09-20 04:00:00,0.1,5,10.0
Carolina,2025-09-21 04:00:00,0.05,11,5.0
Carolina,2025-09-22 04:00:00,0.12,400,12.0
Carolina,2025-09-23 04:00:00,0.06,1,6.0
Carolina,2025-09-24 04:00:00,0.08,14,8.0
Carolina,2025-09-25 04:00:00,0.11,1306,11.0
Carolina,2025-09-26 04:00:00,0.1,38,10.0
Carolina,2025-09-29 04:00:00,0.08,1098,8.0
Carolina,2025-09-30 04:00:00,0.07,153,7.000000000000000
Carolina,2025-10-01 04:00:00,0.1,100,10.0
Carolina,2025-10-02 04:00:00,0.07,20,7.000000000000000
Carolina,2025-10-03 04:00:00,0.1,32,10.0
Carolina,2025-10-04 04:00:00,0.12,8,12.0
Carolina,2025-10-06 04:00:00,0.1,1,10.0
Carolina,2025-10-07 04:00:00,0.11,104,11.0
Carolina,2025-10-08 04:00:00,0.09,217,9.0
Carolina,2025-10-09 04:00:00,0.1,1079,10.0
Carolina,2025-10-10 04:00:00,0.1,47,10.0
Carolina,2025-10-11 04:00:00,0.08,33,8.0
Carolina,2025-10-13 04:00:00,0.21,224,21.0
Carolina,2025-10-14 04:00:00,0.16,1017,16.0
Carolina,2025-10-15 04:00:00,0.18,824,18.0
Carolina,2025-10-16 04:00:00,0.18,52,18.0
Carolina,2025-10-17 04:00:00,0.18,17,18.0
Carolina,2025-10-18 04:00:00,0.18,251,18.0
Carolina,2025-10-19 04:00:00,0.17,79,17.0
Carolina,2025-10-20 04:00:00,0.23,22,23.0
Carolina,2025-10-21 04:00:00,0.26,523,26.0
Carolina,2025-10-23 04:00:00,0.12,403,12.0
Carolina,2025-10-24 04:00:00,0.12,2095,12.0
Carolina,2025-10-25 04:00:00,0.12,1,12.0
Carolina,2025-10-26 04:00:00,0.16,5,16.0
Carolina,2025-10-27 04:00:00,0.19,108,19.0
Carolina,2025-10-28 04:00:00,0.16,2300,16.0
Carolina,2025-10-30 04:00:00,0.06,48,6.0
Buffalo,2025-07-11 04:00:00,0.86,1,86.0
Buffalo,2025-07-17 04:00:00,0.82,825,82.0
Buffalo,2025-07-21 04:00:00,0.83,1,83.0
Buffalo,2025-07-22 04:00:00,0.83,249,83.0
Buffalo,2025-07-24 04:00:00,0.83,6,83.0
Buffalo,2025-07-26 04:00:00,0.82,750,82.0
Buffalo,2025-08-02 04:00:00,0.84,41,84.0
Buffalo,2025-08-09 04:00:00,0.84,17,84.0
Buffalo,2025-08-10 04:00:00,0.83,681,83.0
Buffalo,2025-08-14 04:00:00,0.83,167,83.0
Buffalo,2025-08-17 04:00:00,0.84,500,84.0
Buffalo,2025-08-18 04:00:00,0.83,15,83.0
Buffalo,2025-08-20 04:00:00,0.84,2242,84.0
Buffalo,2025-08-25 04:00:00,0.85,10,85.0
Buffalo,2025-09-04 04:00:00,0.85,515,85.0
Buffalo,2025-09-05 04:00:00,0.87,45,87.0
Buffalo,2025-09-06 04:00:00,0.87,2,87.0
Buffalo,2025-09-07 04:00:00,0.87,22,87.0
Buffalo,2025-09-08 04:00:00,0.87,5,87.0
Buffalo,2025-09-10 04:00:00,0.89,43,89.0
Buffalo,2025-09-13 04:00:00,0.93,1507,93.0
Buffalo,2025-09-14 04:00:00,0.93,700,93.0
Buffalo,2025-09-15 04:00:00,0.93,412,93.0
Buffalo,2025-09-17 04:00:00,0.95,19,95.0
Buffalo,2025-09-18 04:00:00,0.96,693,96.0
Buffalo,2025-09-19 04:00:00,0.96,25,96.0
Buffalo,2025-09-20 04:00:00,0.97,270,97.0
Buffalo,2025-09-24 04:00:00,0.97,4,97.0
Buffalo,2025-09-26 04:00:00,0.96,231,96.0
Buffalo,2025-09-28 04:00:00,0.98,6,98.0
Buffalo,2025-09-29 04:00:00,0.93,1,93.0
Buffalo,2025-09-30 04:00:00,0.97,10,97.0
Buffalo,2025-10-05 04:00:00,0.96,100,96.0
Buffalo,2025-10-06 04:00:00,0.83,500,83.0
Buffalo,2025-10-07 04:00:00,0.91,500,91.0
Buffalo,2025-10-08 04:00:00,0.96,2,96.0
Buffalo,2025-10-09 04:00:00,0.94,199,94.0
Buffalo,2025-10-10 04:00:00,0.94,5,94.0
Buffalo,2025-10-11 04:00:00,0.94,3,94.0
Buffalo,2025-10-12 04:00:00,0.89,8,89.0
Buffalo,2025-10-13 04:00:00,0.93,10,93.0
Buffalo,2025-10-14 04:00:00,0.9,4174,90.0
Buffalo,2025-10-15 04:00:00,0.9,279,90.0
Buffalo,2025-10-16 04:00:00,0.87,1303,87.0
Buffalo,2025-10-19 04:00:00,0.93,1,93.0
Buffalo,2025-10-20 04:00:00,0.94,62,94.0
Buffalo,2025-10-21 04:00:00,0.9,248,90.0
Buffalo,2025-10-22 04:00:00,0.93,2017,93.0
Buffalo,2025-10-24 04:00:00,0.92,279,92.0
Buffalo,2025-10-25 04:00:00,0.93,1,93.0
Buffalo,2025-10-26 04:00:00,0.89,50,89.0
Buffalo,2025-10-29 04:00:00,0.97,19,97.0
Buffalo,2025-10-30 04:00:00,0.95,25,95.0
Baltimore,2025-07-16 04:00:00,0.79,15,79.0
Baltimore,2025-07-17 04:00:00,0.78,1172,78.0
Baltimore,2025-07-18 04:00:00,0.83,311,83.0
Baltimore,2025-07-19 04:00:00,0.78,303,78.0
Baltimore,2025-07-22 04:00:00,0.8,250,80.0
Baltimore,2025-07-24 04:00:00,0.8,1,80.0
Baltimore,2025-07-25 04:00:00,0.81,3001,81.0
Baltimore,2025-07-26 04:00:00,0.79,250,79.0
Baltimore,2025-07-29 04:00:00,0.81,259,81.0
Baltimore,2025-07-30 04:00:00,0.9,6430,90.0
Baltimore,2025-08-07 04:00:00,0.85,45,85.0
Baltimore,2025-08-10 04:00:00,0.82,1699,82.0
Baltimore,2025-08-14 04:00:00,0.7,5698,70.0
Baltimore,2025-08-16 04:00:00,0.84,1,84.0
Baltimore,2025-08-18 04:00:00,0.62,5,62.0
Baltimore,2025-08-19 04:00:00,0.78,5,78.0
Baltimore,2025-08-20 04:00:00,0.81,93,81.0
Baltimore,2025-08-21 04:00:00,0.81,3672,81.0
Baltimore,2025-08-22 04:00:00,0.82,13,82.0
Baltimore,2025-08-27 04:00:00,0.8,311,80.0
Baltimore,2025-09-05 04:00:00,0.82,12,82.0
Baltimore,2025-09-06 04:00:00,0.81,6,81.0
Baltimore,2025-09-07 04:00:00,0.82,33,82.0
Baltimore,2025-09-10 04:00:00,0.75,5,75.0
Baltimore,2025-09-12 04:00:00,0.81,17,81.0
Baltimore,2025-09-13 04:00:00,0.82,289,82.0
Baltimore,2025-09-14 04:00:00,0.83,200,83.0
Baltimore,2025-09-15 04:00:00,0.83,2,83.0
Baltimore,2025-09-16 04:00:00,0.97,16,97.0
Baltimore,2025-09-17 04:00:00,0.97,34,97.0
Baltimore,2025-09-18 04:00:00,0.94,1041,94.0
Baltimore,2025-09-19 04:00:00,0.94,276,94.0
Baltimore,2025-09-20 04:00:00,0.94,35,94.0
Baltimore,2025-09-22 04:00:00,0.94,63,94.0
Baltimore,2025-09-24 04:00:00,0.89,119,89.0
Baltimore,2025-09-25 04:00:00,0.88,62,88.0
Baltimore,2025-09-26 04:00:00,0.89,62,89.0
Baltimore,2025-09-28 04:00:00,0.92,3,92.0
Baltimore,2025-09-29 04:00:00,0.82,1963,82.0
Baltimore,2025-09-30 04:00:00,0.72,28556,72.0
Baltimore,2025-10-01 04:00:00,0.69,12129,69.0
Baltimore,2025-10-02 04:00:00,0.68,9334,68.0
Baltimore,2025-10-03 04:00:00,0.61,542,61.0
Baltimore,2025-10-04 04:00:00,0.65,66,65.0
Baltimore,2025-10-05 04:00:00,0.69,494,69.0
Baltimore,2025-10-06 04:00:00,0.62,647,62.0
Baltimore,2025-10-07 04:00:00,0.46,895,46.0
Baltimore,2025-10-08 04:00:00,0.57,668,57.00000000000000
Baltimore,2025-10-09 04:00:00,0.46,1109,46.0
Baltimore,2025-10-10 04:00:00,0.57,21,57.00000000000000
Baltimore,2025-10-11 04:00:00,0.46,209,46.0
Baltimore,2025-10-12 04:00:00,0.6,63,60.0
Baltimore,2025-10-13 04:00:00,0.3,1002,30.0
Baltimore,2025-10-14 04:00:00,0.51,1835,51.0
Baltimore,2025-10-15 04:00:00,0.42,2744,42.0
Baltimore,2025-10-16 04:00:00,0.36,1427,36.0
Baltimore,2025-10-17 04:00:00,0.5,539,50.0
Baltimore,2025-10-18 04:00:00,0.54,49,54.0
Baltimore,2025-10-19 04:00:00,0.54,88,54.0
Baltimore,2025-10-20 04:00:00,0.3,70,30.0
Baltimore,2025-10-21 04:00:00,0.32,214,32.0
Baltimore,2025-10-22 04:00:00,0.4,2297,40.0
Baltimore,2025-10-23 04:00:00,0.41,1988,41.0
Baltimore,2025-10-24 04:00:00,0.45,527,45.0
Baltimore,2025-10-25 04:00:00,0.45,458,45.0
Baltimore,2025-10-26 04:00:00,0.34,2514,34.0
Baltimore,2025-10-27 04:00:00,0.46,892,46.0
Baltimore,2025-10-28 04:00:00,0.59,322,59.0
Baltimore,2025-10-29 04:00:00,0.59,1702,59.0
Baltimore,2025-10-30 04:00:00,0.52,325,52.0
Atlanta,2025-07-12 04:00:00,0.38,197,38.0
Atlanta,2025-07-13 04:00:00,0.39,40,39.0
Atlanta,2025-07-14 04:00:00,0.38,12,38.0
Atlanta,2025-07-17 04:00:00,0.38,55,38.0
Atlanta,2025-07-18 04:00:00,0.39,1,39.0
Atlanta,2025-07-23 04:00:00,0.4,47,40.0
Atlanta,2025-07-24 04:00:00,0.4,703,40.0
Atlanta,2025-07-25 04:00:00,0.42,45,42.0
Atlanta,2025-08-09 04:00:00,0.42,228,42.0
Atlanta,2025-08-13 04:00:00,0.44,8,44.0
Atlanta,2025-08-14 04:00:00,0.44,1733,44.0
Atlanta,2025-08-15 04:00:00,0.38,8,38.0
Atlanta,2025-08-17 04:00:00,0.38,68,38.0
Atlanta,2025-08-18 04:00:00,0.39,5,39.0
Atlanta,2025-08-21 04:00:00,0.42,22,42.0
Atlanta,2025-08-22 04:00:00,0.39,15,39.0
Atlanta,2025-08-26 04:00:00,0.41,46,41.0
Atlanta,2025-08-27 04:00:00,0.4,763,40.0
Atlanta,2025-08-31 04:00:00,0.4,239,40.0
Atlanta,2025-09-02 04:00:00,0.39,1,39.0
Atlanta,2025-09-04 04:00:00,0.4,71,40.0
Atlanta,2025-09-05 04:00:00,0.4,133,40.0
Atlanta,2025-09-10 04:00:00,0.35,200,35.0
Atlanta,2025-09-12 04:00:00,0.34,337,34.0
Atlanta,2025-09-13 04:00:00,0.35,13,35.0
Atlanta,2025-09-14 04:00:00,0.35,21,35.0
Atlanta,2025-09-15 04:00:00,0.42,87,42.0
Atlanta,2025-09-16 04:00:00,0.55,158,55.00000000000000
Atlanta,2025-09-17 04:00:00,0.53,30,53.0
Atlanta,2025-09-18 04:00:00,0.52,10,52.0
Atlanta,2025-09-19 04:00:00,0.52,115,52.0
Atlanta,2025-09-20 04:00:00,0.52,60,52.0
Atlanta,2025-09-22 04:00:00,0.31,3060,31.0
Atlanta,2025-09-23 04:00:00,0.32,12,32.0
Atlanta,2025-09-25 04:00:00,0.32,757,32.0
Atlanta,2025-09-26 04:00:00,0.32,37,32.0
Atlanta,2025-09-27 04:00:00,0.31,200,31.0
Atlanta,2025-09-28 04:00:00,0.31,395,31.0
Atlanta,2025-09-29 04:00:00,0.39,125,39.0
Atlanta,2025-09-30 04:00:00,0.37,87,37.0
Atlanta,2025-10-01 04:00:00,0.39,1212,39.0
Atlanta,2025-10-02 04:00:00,0.38,222,38.0
Atlanta,2025-10-03 04:00:00,0.38,20,38.0
Atlanta,2025-10-04 04:00:00,0.34,813,34.0
Atlanta,2025-10-06 04:00:00,0.25,12,25.0
Atlanta,2025-10-07 04:00:00,0.29,1,29.000000000000000
Atlanta,2025-10-08 04:00:00,0.33,10,33.0
Atlanta,2025-10-09 04:00:00,0.25,25,25.0
Atlanta,2025-10-10 04:00:00,0.31,4,31.0
Atlanta,2025-10-12 04:00:00,0.45,201,45.0
Atlanta,2025-10-14 04:00:00,0.55,9,55.00000000000000
Atlanta,2025-10-15 04:00:00,0.51,43,51.0
Atlanta,2025-10-17 04:00:00,0.51,3,51.0
Atlanta,2025-10-18 04:00:00,0.5,107,50.0
Atlanta,2025-10-19 04:00:00,0.49,137,49.0
Atlanta,2025-10-20 04:00:00,0.55,42,55.00000000000000
Atlanta,2025-10-21 04:00:00,0.35,7,35.0
Atlanta,2025-10-23 04:00:00,0.46,511,46.0
Atlanta,2025-10-24 04:00:00,0.4,104,40.0
Atlanta,2025-10-25 04:00:00,0.39,128,39.0
Atlanta,2025-10-27 04:00:00,0.27,135,27.0
Atlanta,2025-10-28 04:00:00,0.13,839,13.0
Atlanta,2025-10-29 04:00:00,0.15,113,15.0
Atlanta,2025-10-30 04:00:00,0.16,161,16.0
Arizona,2025-07-22 04:00:00,0.43,546,43.0
Arizona,2025-07-24 04:00:00,0.42,750,42.0
Arizona,2025-07-25 04:00:00,0.44,24,44.0
Arizona,2025-07-26 04:00:00,0.42,21,42.0
Arizona,2025-07-28 04:00:00,0.42,300,42.0
Arizona,2025-07-29 04:00:00,0.43,25,43.0
Arizona,2025-08-04 04:00:00,0.42,713,42.0
Arizona,2025-08-11 04:00:00,0.43,8,43.0
Arizona,2025-08-14 04:00:00,0.4,2866,40.0
Arizona,2025-08-15 04:00:00,0.4,65,40.0
Arizona,2025-08-16 04:00:00,0.42,45,42.0
Arizona,2025-08-19 04:00:00,0.39,350,39.0
Arizona,2025-08-20 04:00:00,0.43,512,43.0
Arizona,2025-08-21 04:00:00,0.43,46,43.0
Arizona,2025-08-22 04:00:00,0.43,33,43.0
Arizona,2025-08-24 04:00:00,0.4,36,40.0
Arizona,2025-08-25 04:00:00,0.43,111,43.0
Arizona,2025-08-26 04:00:00,0.42,500,42.0
Arizona,2025-08-27 04:00:00,0.43,11,43.0
Arizona,2025-08-29 04:00:00,0.41,400,41.0
Arizona,2025-08-30 04:00:00,0.43,223,43.0
Arizona,2025-08-31 04:00:00,0.43,1,43.0
Arizona,2025-09-01 04:00:00,0.41,2,41.0
Arizona,2025-09-02 04:00:00,0.42,1000,42.0
Arizona,2025-09-04 04:00:00,0.44,441,44.0
Arizona,2025-09-05 04:00:00,0.41,60,41.0
Arizona,2025-09-08 04:00:00,0.44,21,44.0
Arizona,2025-09-10 04:00:00,0.5,205,50.0
Arizona,2025-09-11 04:00:00,0.49,819,49.0
Arizona,2025-09-12 04:00:00,0.47,206,47.0
Arizona,2025-09-13 04:00:00,0.47,3500,47.0
Arizona,2025-09-14 04:00:00,0.49,1,49.0
Arizona,2025-09-15 04:00:00,0.36,586,36.0
Arizona,2025-09-16 04:00:00,0.57,42,57.00000000000000
Arizona,2025-09-17 04:00:00,0.37,100,37.0
Arizona,2025-09-18 04:00:00,0.52,1000,52.0
Arizona,2025-09-19 04:00:00,0.46,80,46.0
Arizona,2025-09-20 04:00:00,0.52,3103,52.0
Arizona,2025-09-21 04:00:00,0.47,1000,47.0
Arizona,2025-09-22 04:00:00,0.56,2018,56.00000000000000
Arizona,2025-09-23 04:00:00,0.39,20,39.0
Arizona,2025-09-24 04:00:00,0.39,352,39.0
Arizona,2025-09-26 04:00:00,0.2,635,20.0
Arizona,2025-09-27 04:00:00,0.23,36,23.0
Arizona,2025-09-28 04:00:00,0.24,310,24.0
Arizona,2025-09-29 04:00:00,0.27,89,27.0
Arizona,2025-09-30 04:00:00,0.23,526,23.0
Arizona,2025-10-01 04:00:00,0.25,30,25.0
Arizona,2025-10-02 04:00:00,0.25,31,25.0
Arizona,2025-10-03 04:00:00,0.25,2,25.0
Arizona,2025-10-06 04:00:00,0.17,988,17.0
Arizona,2025-10-07 04:00:00,0.13,85,13.0
Arizona,2025-10-08 04:00:00,0.13,11,13.0
Arizona,2025-10-09 04:00:00,0.13,203,13.0
Arizona,2025-10-10 04:00:00,0.13,1251,13.0
Arizona,2025-10-13 04:00:00,0.06,20,6.0
Arizona,2025-10-14 04:00:00,0.07,1001,7.000000000000000
Arizona,2025-10-17 04:00:00,0.15,53,15.0
Arizona,2025-10-19 04:00:00,0.09,1,9.0
Arizona,2025-10-20 04:00:00,0.08,307,8.0
Arizona,2025-10-21 04:00:00,0.07,1050,7.000000000000000
Arizona,2025-10-22 04:00:00,0.02,2396,2.0
Arizona,2025-10-25 04:00:00,0.05,26,5.0
Arizona,2025-10-27 04:00:00,0.05,101,5.0
Arizona,2025-10-28 04:00:00,0.05,183,5.0
Arizona,2025-10-30 04:00:00,0.04,500,4.0